product_code,product_name,brand_name,brand_id,brand_group_id,product_sale_type,season,original_price,sale_price,discount_rate,sale_count,cart_count,review_count,review_score,purchase_count,viewing_count,wish_count,size_total_stock,size_stock_detail,color_total_stock,color_stock_detail
TNJU6E103BK,Faux Suede Jumper (Black),티엔지티,B000,1004,1,[26SS],189000,161590,14,0,0,43,5.0,1,256,314,309,"085:66, 95:71, 100:103, 105:50, 110:19",593,"블랙:309, 캐멀:284"
TNJU6E109G2,Oversized Fleece Jumper (Grey),티엔지티,B000,1004,1,[26SS],119000,113050,5,0,0,46,4.8,1,104,448,51,"085:39, 95:0, 100:0, 105:0, 110:12",430,"블랙:379, 그레이:51"
TNTS6E103G2,Oversized Fleece Quarter Zip-up Sweatshirt (Grey),티엔지티,B000,1004,1,[26SS],99000,84640,14,0,0,35,4.9,846,93,205,139,"085:19, 95:28, 100:46, 105:34, 110:12",427,"블랙:143, 그레이:139, 브라운:145"
TNJU6E103CM,Faux Suede Jumper (Camel Brown),티엔지티,B000,1004,1,[26SS],189000,179550,5,0,0,43,5.0,1,255,287,284,"085:19, 95:86, 100:121, 105:32, 110:26",593,"블랙:309, 캐멀:284"
0TPA6E105BK,Pin-Stripe Structure Single Jacket & Wide Straight-Fit Pants,티엔지티 세트,0T,1004,1,[26SS],248000,223200,10,0,0,25,5.0,460,50,43,0,,151,블랙:151
TNJU6E101W2,Corduroy Harrington Jumper (Khaki Brown),티엔지티,B000,1004,1,[26SS],209000,178690,14,0,0,41,4.9,1,117,345,782,"085:82, 95:134, 100:301, 105:191, 110:74",1112,"블랙:330, 브라운:782"
TNJU6E101BK,Corduroy Harrington Jumper (Black),티엔지티,B000,1004,1,[26SS],209000,198550,5,0,0,41,4.9,1,117,292,330,"085:46, 95:54, 100:124, 105:80, 110:26",1112,"블랙:330, 브라운:782"
TNSW6E100G2,Cashmere Blended Knit Cardigan (Grey),티엔지티,B000,1004,1,[26SS],119000,107100,10,0,0,37,4.9,612,92,155,585,"085:99, 95:109, 100:157, 105:141, 110:79",1483,"블랙:595, 그레이:585, 레드:303"
0TPA6E111G2,Tollegno Structure Wool Jacket & Flare Pants Set-up,티엔지티 세트,0T,1004,1,[26SS],318000,286200,10,0,0,6,4.8,479,23,26,0,,99,그레이:99
TNSW6E102BK,Layered V-Neck Knit Top (Black),티엔지티,B000,1004,1,[26SS],109000,88290,19,0,0,37,4.9,781,41,260,590,"085:69, 95:131, 100:171, 105:148, 110:71",961,"블랙:590, 그레이:308, 베이지:63"
TNSW6E100BK,Cashmere Blended Knit Cardigan (Black),티엔지티,B000,1004,1,[26SS],119000,107100,10,0,0,37,4.9,670,92,114,595,"085:95, 95:112, 100:186, 105:151, 110:51",1483,"블랙:595, 그레이:585, 레드:303"
0TPA6E105G2,Pin-Stripe Structure Single Jacket & Wide Straight-Fit Pants,티엔지티 세트,0T,1004,1,[26SS],248000,223200,10,0,0,25,5.0,267,50,15,0,,118,그레이:118
TNJU6E104BK,Faux Leather Jumper (Vintage Black),티엔지티,B000,1004,1,[26SS],209000,178690,14,0,0,11,4.9,231,47,190,52,"085:0, 95:16, 100:29, 105:7, 110:0",52,블랙:52
0TJA6E100CG,High Wool Blended Comfort Set-up (Charcoal),티엔지티 세트,0T,1004,1,[26SS],268000,217080,19,0,0,13,4.9,322,68,98,0,,406,차콜 그레이:406
TNSW6E103R2,Cashmere Blendeded V-Neck Knit Top (Red),티엔지티,B000,1004,1,[26SS],109000,87200,20,0,0,63,4.7,369,33,208,119,"95:7, 100:47, 105:57, 110:8",119,레드:119
TNPA5E102S2,[타임세일] Comfort Cotton Chino Pants (Sage),티엔지티,B000,1004,2,[25SS],79000,39180,50,0,0,182,4.9,3,185,152,97,"078 (30):40, 082 (32):49, 086 (34):8, 090 (36):0",473,"블랙:37, 베이지:0, 네이비:339, 세피아:97"
TNTS6E101G2,Sculpted Oversize Hoodie Zip-Up (Melange Grey),티엔지티,B000,1004,1,[26SS],119000,96390,19,0,0,10,4.7,235,33,169,311,"085:70, 95:50, 100:127, 105:59, 110:5",311,그레이:311
TNTS6E103W2,Oversized Fleece Quarter Zip-up Sweatshirt (Brown),티엔지티,B000,1004,1,[26SS],99000,94050,5,0,0,35,4.9,846,93,120,145,"085:51, 95:22, 100:43, 105:22, 110:7",427,"블랙:143, 그레이:139, 브라운:145"
TNJU5F105BK,Corduroy Swing-top Jumper (Black),티엔지티,B000,1004,1,,209000,150480,28,0,0,175,4.9,4,52,610,161,"95:146, 100:15, 105:0, 110:0",183,"블랙:161, 브라운:22"
TNJA5F107N2,FrayBoy Wool Blended Gold Button Blazer (Navy),티엔지티,B000,1004,1,,209000,150480,28,0,0,28,4.8,874,25,174,322,"95:92, 100:139, 105:91, 110:0",322,네이비:322
0TJU6E107BK,Yoyogi Pleats Hooded Zip & Wide Fit Pants Set-Up (Black),요요기 플리츠 바이 티엔지티,B01O,1004,1,[26SS],228000,205200,10,0,0,24,4.8,522,20,24,0,,177,블랙:177
TNJU6E107BK,Yoyogi Pleats Hooded Zip-Up (Black),요요기 플리츠 바이 티엔지티,B01O,1004,1,[26SS],129000,122550,5,0,0,6,4.8,291,52,167,177,"095:35, 100:59, 105:53, 110:30",523,"블랙:177, 네이비:175, 브라운:171"
TNJU6E109BK,Oversized Fleece Jumper (Black),티엔지티,B000,1004,1,[26SS],119000,113050,5,0,0,46,4.8,1,104,93,379,"085:73, 95:52, 100:122, 105:101, 110:31",430,"블랙:379, 그레이:51"
TNPA6E106B3,Lot.872 Straight-Fit Denim Pants (Vintage Blue),티엔지티,B000,1004,1,[26SS],79000,75050,5,0,0,903,4.8,832,78,115,276,"078 (30):59, 082 (32):113, 086 (34):66, 090 (36):38",815,"밝은 블루:145, 블루:117, 진한 블루:276, 블랙:127, 네이비:150"
TNPA6E101BK,Essential Semi-Wide Fit Pants (Black),티엔지티,B000,1004,1,[26SS],69000,65550,5,0,0,34,4.9,564,52,139,185,"078 (30):64, 082 (32):52, 086 (34):49, 090 (36):20",594,"블랙:185, 그레이:170, 진한 베이지:239"
TNPA6E106BK,Lot.872 Straight-Fit Denim Pants (Black),티엔지티,B000,1004,1,[26SS],79000,75050,5,0,0,903,4.8,800,78,92,127,"078 (30):53, 082 (32):39, 086 (34):23, 090 (36):12",815,"밝은 블루:145, 블루:117, 진한 블루:276, 블랙:127, 네이비:150"
0TJU6E105N2,Type-1 & Straight-Fit Denim Set Up (Raw Indigo),티엔지티 세트,0T,1004,1,[26SS],228000,205200,10,0,0,37,4.8,304,18,26,0,,231,네이비:231
TNJA6E106W2,Oversized Wool Micro Check Jacket (Brown),티엔지티,B000,1004,1,[26SS],209000,169290,19,0,0,4,5.0,136,33,98,232,"085:1, 95:42, 100:80, 105:76, 110:33",232,브라운:232
TNPA6E101G2,Essential Semi-Wide Fit Pants (Grey),티엔지티,B000,1004,1,[26SS],69000,65550,5,0,0,34,4.9,564,52,85,170,"078 (30):53, 082 (32):51, 086 (34):52, 090 (36):14",594,"블랙:185, 그레이:170, 진한 베이지:239"
TNJU6E102CM,Faux Suede Short Jacket (Camel Brown),티엔지티,B000,1004,1,[26SS],179000,170050,5,0,0,15,5.0,238,19,162,775,"085:161, 95:101, 100:185, 105:227, 110:101",775,캐멀:775
TNTS6E103BK,Oversized Fleece Quarter Zip-up Sweatshirt (Black),티엔지티,B000,1004,1,[26SS],99000,94050,5,0,0,35,4.9,866,93,66,143,"085:47, 95:24, 100:44, 105:28, 110:0",427,"블랙:143, 그레이:139, 브라운:145"
TNSH6E102BK,Kinoshita Seersucker Check Shirts (Black),키노시타 바이 티엔지티,B01M,1004,1,[26SS],89000,84550,5,0,0,2,4.5,102,31,105,239,"095:44, 100:97, 105:76, 110:22",530,"블랙:239, 네이비:291"
TNPA6E106N2,Lot.872 Straight-Fit Denim Pants (Raw Indigo),티엔지티,B000,1004,1,[26SS],79000,75050,5,0,0,903,4.8,832,78,99,150,"078 (30):60, 082 (32):39, 086 (34):39, 090 (36):12",815,"밝은 블루:145, 블루:117, 진한 블루:276, 블랙:127, 네이비:150"
TNJU4F105N2,워시드네이비 『Photographer』 오버핏 스톤 워싱 프렌치 워크자켓,티엔지티,B000,1004,2,[24FW],149000,61690,58,0,0,61,4.8,403,85,214,39,"95:13, 100:26, 105:0, 110:0",45,"카키:6, 네이비:39"
0TJU6E105BK,Type-1 & Straight-Fit Denim Set Up (Black),티엔지티 세트,0T,1004,1,[26SS],228000,205200,10,0,0,37,4.8,249,18,13,0,,166,블랙:166
TNSW6E102G2,Layered V-Neck Knit Top (Dark Grey),티엔지티,B000,1004,1,[26SS],109000,98100,10,0,0,37,4.9,781,41,89,308,"085:56, 95:63, 100:81, 105:75, 110:33",961,"블랙:590, 그레이:308, 베이지:63"
TNPA5E102N2,[타임세일] Comfort Cotton Chino Pants (Navy),티엔지티,B000,1004,2,[25SS],79000,39180,50,0,0,182,4.9,3,186,58,339,"078 (30):106, 082 (32):151, 086 (34):80, 090 (36):2",473,"블랙:37, 베이지:0, 네이비:339, 세피아:97"
TNPA6E106B1,Lot.872 Straight-Fit Denim Pants (Light Blue),티엔지티,B000,1004,1,[26SS],79000,75050,5,0,0,903,4.8,832,78,34,145,"078 (30):44, 082 (32):47, 086 (34):43, 090 (36):11",815,"밝은 블루:145, 블루:117, 진한 블루:276, 블랙:127, 네이비:150"
TNPA5E201B3,Lot.872s Semi-Wide Summer Denim Pants (Washed Blue),티엔지티,B000,1004,2,,79000,48110,39,0,0,264,4.7,3,79,127,178,"078 (30):14, 082 (32):38, 086 (34):68, 090 (36):58",544,"블루:184, 진한 블루:178, 그레이:182"
TNSW6E100R2,Cashmere Blended Knit Cardigan (Red),티엔지티,B000,1004,1,[26SS],119000,107100,10,0,0,37,4.9,670,92,90,303,"085:93, 95:37, 100:75, 105:63, 110:35",1483,"블랙:595, 그레이:585, 레드:303"
TNPA6E110BK,Flare Fit Pants (Black),티엔지티,B000,1004,1,[26SS],79000,75050,5,0,0,9,4.7,209,18,56,57,"078 (30):2, 082 (32):18, 086 (34):28, 090 (36):9",219,"블랙:57, 베이지:162"
TNPA6E106B2,Lot.872 Straight-Fit Denim Pants (Washed Blue),티엔지티,B000,1004,1,[26SS],79000,75050,5,0,0,903,4.8,800,78,47,117,"078 (30):37, 082 (32):40, 086 (34):32, 090 (36):8",815,"밝은 블루:145, 블루:117, 진한 블루:276, 블랙:127, 네이비:150"
TNTS5F100IV,Ribbed Henley-neck T-shirt (Cream),티엔지티,B000,1004,1,[25FW],59000,45130,23,0,0,179,4.8,2,42,92,85,"95:29, 100:56, 105:0, 110:0",150,"블랙:44, 그레이:21, 아이보리:85"
TNSH6E001WT,Office Dress Shirt (White),티엔지티,B000,1004,1,[26SS],59000,56050,5,0,0,2,5.0,172,17,55,164,"95:40, 100:71, 105:36, 110:17",315,"블루:151, 흰색:164"
TNJA6E105I2,Oversized Tweed Single Jacket (Cream),티엔지티,B000,1004,1,[26SS],169000,152100,10,0,0,3,5.0,44,15,37,158,"085:8, 95:25, 100:54, 105:52, 110:19",158,베이지:158
TNPA5E102BK,[타임세일] Comfort Cotton Chino Pants (Black),티엔지티,B000,1004,2,[25SS],79000,39180,50,0,0,182,4.9,3,186,124,37,"078 (30):7, 082 (32):22, 086 (34):8, 090 (36):0",473,"블랙:37, 베이지:0, 네이비:339, 세피아:97"
0TJA6E100BK,High Wool Blended Comfort Set-up (Black),티엔지티 세트,0T,1004,1,[26SS],268000,241200,10,0,0,13,4.9,272,68,64,0,,212,블랙:212
TNSH6E105B2,Oversized Denim Shirts (Vintage Blue),티엔지티,B000,1004,1,[26SS],89000,84550,5,0,0,4,4.8,88,23,48,561,"085:49, 95:124, 100:201, 105:137, 110:50",1039,"블루:561, 블랙:478"
0TJA6E109CG,Wool Blended Comfort Suit (Dark Grey),티엔지티 세트,0T,1004,1,[26SS],228000,205200,10,0,0,9,4.6,234,24,45,0,,102,차콜 그레이:102
TNTS5F100BK,Ribbed Henley-neck T-shirt (Black),티엔지티,B000,1004,1,[25FW],59000,45130,23,0,0,203,4.8,2,42,134,44,"95:42, 100:2, 105:0, 110:0",150,"블랙:44, 그레이:21, 아이보리:85"
TNJU6E105N2,Type-1 Denim Jacket (Raw Indigo),티엔지티,B000,1004,1,[26SS],149000,134100,10,0,0,3,4.7,106,17,88,231,"95:54, 100:102, 105:46, 110:29",397,"블랙:166, 네이비:231"
TNPA5F105I2,Cotton Wide-fit Pants (Beige),티엔지티,B000,1004,1,[25FW],79000,56880,28,0,0,29,4.9,530,24,90,140,"078 (30):40, 082 (32):53, 086 (34):36, 090 (36):11",336,"블랙:196, 베이지:140"
TNSW5F101G2,Chunky Wool Blended Knit Cardigan (Grey),티엔지티,B000,1004,1,[25FW],149000,107280,28,0,0,58,4.7,1,23,310,77,"95:61, 100:16, 105:0, 110:0",412,"그레이:77, 네이비:102, 브라운:233"
TNJU5F105W2,Corduroy Swing-top Jumper (Brown),티엔지티,B000,1004,1,,209000,150480,28,0,0,175,4.9,4,52,722,22,"95:22, 100:0, 105:0, 110:0",183,"블랙:161, 브라운:22"
TNPA6E105BK,Pin-Stripe Wide Straight-Fit Pants (Black),티엔지티,B000,1004,1,[26SS],79000,75050,5,0,0,17,5.0,465,27,85,177,"078 (30):93, 082 (32):39, 086 (34):36, 090 (36):9",288,"블랙:177, 그레이:111"
TNTS5F100G2,Ribbed Henley-neck T-shirt (Grey),티엔지티,B000,1004,1,[25FW],59000,45130,23,0,0,146,4.8,2,42,223,21,"95:20, 100:1, 105:0, 110:0",150,"블랙:44, 그레이:21, 아이보리:85"
0TJA5F100N2,Wool Blend Comfort Suit Set-up (Dark Navy),티엔지티 세트,0T,1004,1,,228000,164160,28,0,0,28,4.8,1,23,166,0,,180,네이비:180
TNPA5E201G2,Lot.872s Semi-Wide Summer Denim Pants (Washed Grey),티엔지티,B000,1004,2,,79000,49770,37,0,0,264,4.7,3,80,82,182,"078 (30):0, 082 (32):63, 086 (34):67, 090 (36):52",544,"블루:184, 진한 블루:178, 그레이:182"
0TJA6E100N2,High Wool Blended Comfort Set-up (Navy),티엔지티 세트,0T,1004,1,[26SS],268000,241200,10,0,0,13,4.9,174,68,42,0,,231,네이비:231
TNSW6E101N2,Oversized Mohair Cardigan (Navy),티엔지티,B000,1004,1,[26SS],169000,152100,10,0,0,5,4.8,167,35,93,259,"085:27, 95:49, 100:72, 105:77, 110:34",442,"그레이:183, 네이비:259"
TNPA5F108B2,Lot.872 Straight-fit Denim Pants (Washed Blue),티엔지티,B000,1004,1,[25FW],79000,58300,26,0,0,317,4.9,3,18,113,150,"078 (30):67, 082 (32):15, 086 (34):57, 090 (36):11",152,"블루:150, 진한 블루:0, 블랙:0, 그레이:2, 네이비:0"
TNJU5E105K2,Faux Leather Bike Jumper (Grayish Khaki),티엔지티,B000,1004,2,[25SS],179000,112770,37,0,0,15,4.9,522,30,70,29,"95:25, 100:4, 105:0, 110:0",29,"블랙:0, 카키:29"
TNPA6E114BK,Yoyogi Pleats Tapered-fit Pants (Black),요요기 플리츠 바이 티엔지티,B01O,1004,1,[26SS],99000,94050,5,0,0,8,5.0,147,15,51,241,"0XS:28, 00S:59, 00M:66, 00L:64, 0XL:24",602,"블랙:241, 네이비:181, 브라운:180"
TNSH6E105BK,Oversized Denim Shirts (Raw Black),티엔지티,B000,1004,1,[26SS],89000,84550,5,0,0,4,4.8,88,23,36,478,"085:50, 95:96, 100:177, 105:110, 110:45",1039,"블루:561, 블랙:478"
TNJU5E101BK,New Trucker Jacket (Black),티엔지티,B000,1004,2,[25SS],169000,102920,39,0,0,18,4.9,430,28,76,83,"95:48, 100:35, 105:0, 110:0",282,"블랙:83, 브라운:199"
TNSW6E101G2,Oversized Mohair Cardigan (Grey),티엔지티,B000,1004,1,[26SS],169000,152100,10,0,0,5,4.8,167,35,94,183,"085:25, 95:31, 100:42, 105:58, 110:27",442,"그레이:183, 네이비:259"
TNPA5F111BK,Yoyogi Pleats Wide-fit Pants (Black),요요기 플리츠 바이 티엔지티,B01O,1004,1,,99000,84640,14,0,0,70,4.9,380,0,77,311,"3XS:60, XXS:76, 0XS:84, 00S:46, 00M:29, 00L:16",850,"블랙:311, 베이지:260, 네이비:279"
TNJA6E109BK,Wool Blended Comfort Jacket (Black),티엔지티,B000,1004,1,[26SS],159000,143100,10,0,0,4,4.5,139,36,28,163,"95:32, 100:59, 105:55, 110:17",265,"블랙:163, 차콜 그레이:102"
TNPA6E104K2,Comfort Cotton Pants (Khaki),티엔지티,B000,1004,1,[26SS],79000,71100,10,0,0,4,5.0,90,13,26,220,"078 (30):56, 082 (32):85, 086 (34):59, 090 (36):20",936,"블랙:352, 베이지:364, 카키:220"
TNJA4F101BK,블랙 오버핏 노치드 싱글 트윌 셋업 자켓,티엔지티,B000,1004,2,[24FW],169000,69970,58,0,0,34,4.8,506,35,105,15,"95:6, 100:0, 105:8, 110:1",39,"블랙:15, 카키:24"
TNPA6E112CG,Wool Blended Comfort Pants (Dark Grey),티엔지티,B000,1004,1,[26SS],69000,62100,10,0,0,17,4.8,222,15,37,86,"078 (30):32, 082 (32):13, 086 (34):31, 090 (36):10",207,"블랙:121, 차콜 그레이:86"
TNJU5E104K2,Washed Cotton Swing Top Blouson (Khaki),티엔지티,B000,1004,2,[25SS],169000,102920,39,0,0,82,4.9,1,57,72,223,"95:77, 100:90, 105:43, 110:13",261,"블랙:38, 베이지:0, 카키:223"
TNSW6E102I2,Layered V-Neck Knit Top (Pumpkin Beige),티엔지티,B000,1004,1,[26SS],109000,98100,10,0,0,37,4.9,781,40,34,63,"085:2, 95:15, 100:20, 105:16, 110:10",961,"블랙:590, 그레이:308, 베이지:63"
TNPA6E113I2,Lot.872 Straight-fit Pigment Dyed Denim Pants (Washed Beige),티엔지티,B000,1004,1,[26SS],89000,84550,5,0,0,5,5.0,67,12,61,142,"078 (30):51, 082 (32):47, 086 (34):37, 090 (36):7",142,베이지:142
TNSW5F109BK,Ribbed Oversized Henley-neck Knit (Black),티엔지티,B000,1004,1,[25FW],109000,78480,28,0,0,40,4.8,1,10,86,460,"95:115, 100:174, 105:153, 110:18",463,"블랙:460, 와인:0, 그레이:3"
TNSH6E001B2,Office Dress Shirt (Blue),티엔지티,B000,1004,1,[26SS],59000,56050,5,0,0,2,5.0,172,17,30,151,"95:28, 100:63, 105:37, 110:23",315,"블루:151, 흰색:164"
TNSH6E101BK,Kinoshita Seersucker Shirts (Black),키노시타 바이 티엔지티,B01M,1004,1,[26SS],79000,75050,5,0,0,3,5.0,70,10,33,288,"095:65, 100:109, 105:77, 110:37",577,"블랙:288, 카키:289"
TNTR5F100I2,Balmacaan Oversized Trench Coat (Beige),티엔지티,B000,1004,1,[25FW],219000,157680,28,0,0,3,5.0,96,0,56,180,"95:60, 100:70, 105:41, 110:9",180,베이지:180
TNPA6E112BK,Wool Blended Comfort Pants (Black),티엔지티,B000,1004,1,[26SS],69000,62100,10,0,0,22,4.7,222,15,54,121,"078 (30):43, 082 (32):36, 086 (34):22, 090 (36):20",207,"블랙:121, 차콜 그레이:86"
TNPA6E100CG,High Wool Blended Comfort Pants (Charcoal),티엔지티,B000,1004,1,[26SS],89000,84550,5,0,0,3,5.0,413,17,27,598,"29S (29):46, 30S (30):40, 30L (30):48, 32S (32):73, 32L (32):115, 34S (34):60, 34L (34):94, 36S (36):50, 36L (36):45, 38L (38):27",1319,"블랙:427, 차콜 그레이:598, 네이비:294"
TNJU4F106W2,브라운 『NewJack』 오버핏 워크자켓,티엔지티,B000,1004,2,[24FW],169000,69970,58,0,0,85,4.8,258,63,164,19,"95:19, 100:0, 105:0, 110:0",19,브라운:19
TNJU5F104BK,Vintage Short Jumper (Black),티엔지티,B000,1004,1,,179000,132100,26,0,0,14,4.8,554,0,110,191,"95:67, 100:83, 105:38, 110:3",191,"블랙:191, 카키:0"
TNJU6E108I2,Wool Blouson Short Jumper (Beige),티엔지티,B000,1004,1,[26SS],259000,233100,10,0,0,1,5.0,39,0,54,196,"085:8, 95:18, 100:75, 105:77, 110:18",196,베이지:196
TNJU6E105BK,Type-1 Denim Jacket (Black),티엔지티,B000,1004,1,[26SS],149000,134100,10,0,0,3,4.7,106,17,46,166,"95:35, 100:72, 105:38, 110:21",397,"블랙:166, 네이비:231"
TNJU4F105K2,워시드카키 『Photographer』 오버핏 스톤 워싱 프렌치 워크자켓,티엔지티,B000,1004,2,[24FW],149000,61690,58,0,0,61,4.8,407,85,107,6,"95:0, 100:6, 105:0, 110:0",45,"카키:6, 네이비:39"
TNJA6E104G2,Pin-Stripe Structure Single Jacket (Grey),티엔지티,B000,1004,1,[26SS],169000,160550,5,0,0,6,5.0,289,23,50,118,"085:1, 95:24, 100:46, 105:36, 110:11",268,"블랙:150, 그레이:118"
TNTS5F101K2,Multi-Stripe Long Sleeve T-shirts (Khaki),티엔지티,B000,1004,1,[25FW],79000,60430,23,0,0,24,5.0,303,10,80,169,"95:20, 100:82, 105:48, 110:19",296,"카키:169, 네이비:127"
TNJU4F103B2,워시드블루 세미오버핏 크롭 틴 워싱 데님 점퍼,티엔지티,B000,1004,2,[24FW],159000,65830,58,0,0,10,4.8,108,13,55,77,"95:25, 100:47, 105:5, 110:0",77,블루:77
TNSW5F104G2,Argyle Wool Blended Polo Cardigan (Dark Grey),티엔지티,B000,1004,1,[25FW],169000,129280,23,0,0,34,4.9,531,0,299,103,"95:63, 100:34, 105:6, 110:0",103,그레이:103
TNJA6E104BK,Pin-Stripe Structure Single Jacket (Black),티엔지티,B000,1004,1,[26SS],169000,160550,5,0,0,6,5.0,262,23,54,150,"085:3, 95:39, 100:44, 105:46, 110:18",268,"블랙:150, 그레이:118"
TNPA6E107B2,Textured Wide Fit Denim Pants (Washed Blue),티엔지티,B000,1004,1,[26SS],99000,94050,5,0,0,1,5.0,137,0,27,190,"078 (30):46, 082 (32):73, 086 (34):56, 090 (36):15",190,블루:190
TNPA6E104I2,Comfort Cotton Pants (Beige),티엔지티,B000,1004,1,[26SS],79000,71100,10,0,0,4,5.0,90,13,26,364,"078 (30):96, 082 (32):139, 086 (34):97, 090 (36):32",936,"블랙:352, 베이지:364, 카키:220"
0TPA6E103BK,Classic Wool Suit (Black),티엔지티 세트,0T,1004,1,[26SS],388000,349200,10,0,0,1,5.0,118,19,45,0,,161,블랙:161
TNPA5F103N2,Pin-stripe Wide fit Pants (Navy),티엔지티,B000,1004,1,[25FW],79000,56880,28,0,0,97,4.9,1,11,102,46,"078 (30):8, 082 (32):4, 086 (34):22, 090 (36):12",139,"그레이:93, 네이비:46"
TNJU5F107K2,Light Padded Hoodie Jacket (Dark Khaki),티엔지티,B000,1004,1,,209000,150480,28,0,0,62,4.9,1,11,232,152,"95:86, 100:61, 105:5, 110:0",786,"블랙:372, 카키:152, 브라운:262"
TNJU5E104BK,Washed Cotton Swing Top Blouson (Black),티엔지티,B000,1004,2,[25SS],169000,106470,37,0,0,82,4.9,1,59,92,38,"95:38, 100:0, 105:0, 110:0",261,"블랙:38, 베이지:0, 카키:223"
0TJU6E107W2,Yoyogi Pleats Hooded Zip & Wide Fit Pants Set-Up (Brown),요요기 플리츠 바이 티엔지티,B01O,1004,1,[26SS],228000,205200,10,0,0,24,4.8,37,20,7,0,,171,브라운:171
TNSH5F100B2,Comfort Cotton Shirt (Blue),티엔지티,B000,1004,1,[25FW],59000,43540,26,0,0,72,4.7,933,0,69,174,"95:46, 100:85, 105:34, 110:9",215,"블루:174, 그레이:26, 미색:15"
TNPA5E201B2,Lot.872s Semi-Wide Summer Denim Pants (Light Blue),티엔지티,B000,1004,2,,79000,49770,37,0,0,264,4.7,3,80,37,184,"078 (30):20, 082 (32):41, 086 (34):79, 090 (36):44",544,"블루:184, 진한 블루:178, 그레이:182"
TNPA6E101I3,Essential Semi-Wide Fit Pants (Dusty Beige),티엔지티,B000,1004,1,[26SS],69000,65550,5,0,0,34,4.9,587,51,39,239,"078 (30):76, 082 (32):80, 086 (34):63, 090 (36):20",594,"블랙:185, 그레이:170, 진한 베이지:239"
TNSW5F109G2,Ribbed Oversized Henley-neck Knit (Grey),티엔지티,B000,1004,1,[25FW],109000,78480,28,0,0,40,4.8,1,10,169,3,"95:3, 100:0, 105:0, 110:0",463,"블랙:460, 와인:0, 그레이:3"
TNSH6E106W2,Oversized Check Shirt (Ash Brown),티엔지티,B000,1004,1,[26SS],89000,80100,10,0,0,1,5.0,41,10,24,275,"95:56, 100:106, 105:79, 110:34",559,"초록:284, 브라운:275"
0TST6E102I2,Comfort Cotton Set-Up (Beige),티엔지티 세트,0T,1004,1,[26SS],238000,214200,10,0,0,3,5.0,48,24,8,0,,286,베이지:286
TNSW5F105IV,Cashmere Blended Round-neck Sweater (Cream),티엔지티,B000,1004,1,[25FW],109000,80440,26,0,0,172,4.9,2,12,95,35,"95:20, 100:15, 105:0, 110:0",259,"블루:87, 블랙:56, 차콜 그레이:6, 캐멀:75, 아이보리:35, 브라운:0"
TNPA5E101G2,Flap Wide Slacks (Gray),티엔지티,B000,1004,2,,69000,43470,37,0,0,56,4.8,1,18,58,35,"078 (30):9, 082 (32):10, 086 (34):10, 090 (36):6",35,"그레이:35, 진한 베이지:0"
TNPA6E111G2,Tollegno Flare-Fit Wool Pants (Mid Grey),티엔지티,B000,1004,1,[26SS],109000,103550,5,0,0,3,5.0,243,11,74,122,"078 (30):29, 082 (32):47, 086 (34):36, 090 (36):10",122,그레이:122
TNJU6E106G2,Kinoshita Seersucker Hooded Zip-up (Grey),키노시타 바이 티엔지티,B01M,1004,1,[26SS],179000,161100,10,0,0,3,5.0,46,24,40,155,"095:45, 100:50, 105:42, 110:18",432,"블랙:277, 그레이:155"
TNPA5F103G2,Pin-stripe Wide fit Pants (Grey),티엔지티,B000,1004,1,[25FW],79000,56880,28,0,0,97,4.9,1,11,115,93,"078 (30):29, 082 (32):19, 086 (34):34, 090 (36):11",139,"그레이:93, 네이비:46"
TNJA6E100BK,High Wool Blended Comfort Jacket (Black),티엔지티,B000,1004,1,[26SS],179000,161100,10,0,0,1,5.0,388,20,23,212,"95:40, 100:83, 105:66, 110:23",849,"블랙:212, 차콜 그레이:406, 네이비:231"
TNTS5F102BK,Oversized Hoodie Sweat (Black),티엔지티,B000,1004,1,[25FW],89000,68080,23,0,0,45,4.9,570,0,81,39,"95:29, 100:10, 105:0, 110:0",100,"블랙:39, 그레이:61"
TNPA5E208N2,Seersucker Wide Fit Pants (Navy),티엔지티,B000,1004,2,,79000,49770,37,0,0,1210,4.8,11,24,59,345,"078 (30):163, 082 (32):110, 086 (34):44, 090 (36):28",750,"블랙:0, 그레이:213, 베이지:192, 네이비:345"
TNPA6E102BK,Flap Detail Wide Fit Pants (Black),티엔지티,B000,1004,1,[26SS],69000,65550,5,0,0,2,5.0,93,10,31,265,"078 (30):66, 082 (32):100, 086 (34):76, 090 (36):23",538,"블랙:265, 브라운:273"
TNPA6E100BK,High Wool Blended Comfort Pants (Black),티엔지티,B000,1004,1,[26SS],89000,84550,5,0,0,3,5.0,413,17,15,427,"29S (29):26, 30S (30):23, 30L (30):39, 32S (32):47, 32L (32):79, 34S (34):38, 34L (34):88, 36S (36):33, 36L (36):29, 38L (38):25",1319,"블랙:427, 차콜 그레이:598, 네이비:294"
TNJU4F100IV,아이보리 세미오버핏 울 크롭자켓,티엔지티,B000,1004,2,[24FW],239000,98950,58,0,0,43,4.8,241,12,88,80,"95:29, 100:34, 105:11, 110:6",80,"블랙:0, 아이보리:80"
TNSH6E100B2,Comfort Cotton Shirt (Blue),티엔지티,B000,1004,1,[26SS],59000,53100,10,0,0,2,4.5,114,0,43,237,"95:59, 100:98, 105:53, 110:27",683,"블루:237, 그레이:178, 노랑:268"
TNPA6E105G2,Pin-Stripe Wide Straight-Fit Pants (Grey),티엔지티,B000,1004,1,[26SS],79000,75050,5,0,0,18,5.0,426,27,88,111,"078 (30):57, 082 (32):21, 086 (34):22, 090 (36):11",288,"블랙:177, 그레이:111"
TNSW5F105BK,Cashmere Blended Round-neck Sweater (Black),티엔지티,B000,1004,1,[25FW],109000,80440,26,0,0,168,4.9,2,12,134,56,"95:39, 100:17, 105:0, 110:0",259,"블루:87, 블랙:56, 차콜 그레이:6, 캐멀:75, 아이보리:35, 브라운:0"
0TPA6E103CG,Classic Wool Suit (Charcoal Grey),티엔지티 세트,0T,1004,1,[26SS],388000,349200,10,0,0,1,5.0,140,19,70,0,,168,차콜 그레이:168
TNJA6E103G2,Tollegno Structure Wool Jacket (Mid Grey),티엔지티,B000,1004,1,[26SS],209000,198550,5,0,0,3,4.7,236,11,67,99,"085:1, 95:13, 100:35, 105:38, 110:12",99,그레이:99
TNSH6E103B2,Kinoshita Seersucker Stripe Shirts (Blue),키노시타 바이 티엔지티,B01M,1004,1,[26SS],89000,84550,5,0,0,1,5.0,25,15,26,182,"095:41, 100:70, 105:50, 110:21",471,"블루:182, 브라운:289"
TNPA5F105BK,Cotton Wide-fit Pants (Black),티엔지티,B000,1004,1,[25FW],79000,56880,28,0,0,29,4.9,527,24,84,196,"078 (30):70, 082 (32):66, 086 (34):41, 090 (36):19",336,"블랙:196, 베이지:140"
TNJA5E202BK,Seersucker Jacket (Black),티엔지티,B000,1004,2,,149000,93870,37,0,0,304,4.9,4,0,18,351,"95:108, 100:121, 105:98, 110:24",903,"블랙:351, 그레이:136, 베이지:243, 네이비:173"
TNJU6E100BK,Comfort Office Jumper (Black),티엔지티,B000,1004,1,[26SS],189000,170100,10,0,0,4,5.0,21,11,36,245,"95:41, 100:103, 105:76, 110:25",417,"블랙:245, 그레이:172"
TNPA5F108G2,Lot.872 Straight-fit Denim Pants (Vintage Grey),티엔지티,B000,1004,1,[25FW],79000,58300,26,0,0,345,4.8,3,18,129,2,"078 (30):2, 082 (32):0, 086 (34):0, 090 (36):0",152,"블루:150, 진한 블루:0, 블랙:0, 그레이:2, 네이비:0"
TNSH5F105Y2,Comfort Stripe Shirt (Light Beige),티엔지티,B000,1004,1,[25FW],79000,56880,28,0,0,46,4.7,926,11,110,213,"95:65, 100:75, 105:41, 110:32",214,"블루:1, 노랑:213"
TNTS6E100BK,Embroidery Logo Sweatshirt (Black),티엔지티,B000,1004,1,[26SS],79000,71100,10,0,0,0,0.0,33,13,17,176,"085:9, 95:46, 100:65, 105:44, 110:12",365,"블랙:176, 그레이:189"
0TST6E102BK,Comfort Cotton Set-Up (Black),티엔지티 세트,0T,1004,1,[26SS],238000,214200,10,0,0,3,5.0,71,24,13,0,,279,블랙:279
0TJA6E109BK,Wool Blended Comfort Suit (Black),티엔지티 세트,0T,1004,1,[26SS],228000,205200,10,0,0,9,4.6,127,24,19,0,,163,블랙:163
TNSH5F101W2,Faux Suede Oversized Shirt (Brown),티엔지티,B000,1004,1,[25FW],89000,68080,23,0,0,74,4.7,726,0,154,6,"95:1, 100:5, 105:0, 110:0",6,"캐멀:0, 브라운:6"
TNSW5F112W2,Stripe Oversized Polo Knit (Brown),티엔지티,B000,1004,1,[25FW],119000,87820,26,0,0,34,4.8,663,0,150,227,"95:72, 100:67, 105:59, 110:29",301,"네이비:74, 브라운:227"
TNPA5E208G2,Seersucker Wide Fit Pants (Gray),티엔지티,B000,1004,2,,79000,49770,37,0,0,1210,4.8,11,24,57,213,"078 (30):77, 082 (32):41, 086 (34):53, 090 (36):42",750,"블랙:0, 그레이:213, 베이지:192, 네이비:345"
TNTS6E102BK,Wool Blended Jersey Long Sleeves (Black),티엔지티,B000,1004,1,[26SS],79000,71100,10,0,0,0,0.0,42,12,19,170,"95:29, 100:58, 105:53, 110:30",342,"블랙:170, 차콜 그레이:172"
TNTS5E205BK,Kinoshita Seersucker Collared T-Shirts (Black),티엔지티,B000,1004,2,,69000,43470,37,0,0,268,4.8,3,0,22,129,"95:21, 100:62, 105:44, 110:2",199,"블랙:129, 베이지:0, 네이비:70"
TNPA6E110I2,Flare Fit Pants (Light Beige),티엔지티,B000,1004,1,[26SS],79000,75050,5,0,0,9,4.7,209,18,15,162,"078 (30):44, 082 (32):60, 086 (34):42, 090 (36):16",219,"블랙:57, 베이지:162"
TNSW5F101N2,Chunky Wool Blended Knit Cardigan (Navy Stripe),티엔지티,B000,1004,1,[25FW],149000,107280,28,0,0,58,4.7,1,23,112,102,"95:45, 100:56, 105:1, 110:0",412,"그레이:77, 네이비:102, 브라운:233"
0TJU6E107N2,Yoyogi Pleats Hooded Zip & Wide Fit Pants Set-Up (Navy),요요기 플리츠 바이 티엔지티,B01O,1004,1,[26SS],228000,205200,10,0,0,24,4.8,83,19,7,0,,175,네이비:175
TNPA6E102W2,Flap Detail Wide Fit Pants (Brown),티엔지티,B000,1004,1,[26SS],69000,65550,5,0,0,2,5.0,94,10,27,273,"078 (30):67, 082 (32):103, 086 (34):79, 090 (36):24",538,"블랙:265, 브라운:273"
0TJA6E101BK,Classic 3-piece Wool Suit (Black),티엔지티 세트,0T,1004,1,[26SS],517000,465300,10,0,0,0,0.0,146,0,17,0,,161,블랙:161
TNSW5F105B2,Cashmere Blended Round-neck Sweater (Melange Blue),티엔지티,B000,1004,1,[25FW],109000,80440,26,0,0,151,4.9,2,12,71,87,"95:18, 100:35, 105:22, 110:12",259,"블루:87, 블랙:56, 차콜 그레이:6, 캐멀:75, 아이보리:35, 브라운:0"
TNJA5F104W2,Corduroy Jacket (Brown),티엔지티,B000,1004,1,,189000,136080,28,0,0,20,4.8,703,10,132,454,"95:51, 100:205, 105:150, 110:48",624,"크림:170, 브라운:454"
TNJU5F107BK,Light Padded Hoodie Jacket (Black),티엔지티,B000,1004,1,,209000,150480,28,0,0,62,4.9,1,11,169,372,"95:161, 100:131, 105:55, 110:25",786,"블랙:372, 카키:152, 브라운:262"
TNSW5F105CM,Cashmere Blended Round-neck Sweater (Camel),티엔지티,B000,1004,1,[25FW],109000,80440,26,0,0,133,4.9,2,12,80,75,"95:20, 100:21, 105:34, 110:0",259,"블루:87, 블랙:56, 차콜 그레이:6, 캐멀:75, 아이보리:35, 브라운:0"
TNPA6E109BK,Wide Fit Ribbed Banding Pants (Black),티엔지티,B000,1004,1,[26SS],89000,80100,10,0,0,4,4.5,59,0,22,294,"078 (30):106, 082 (32):110, 086 (34):50, 090 (36):28",594,"블랙:294, 그레이:300"
TNTS5F101N2,Multi-Stripe Long Sleeve T-shirts (Navy),티엔지티,B000,1004,1,[25FW],79000,60430,23,0,0,24,5.0,305,10,42,127,"95:13, 100:61, 105:37, 110:16",296,"카키:169, 네이비:127"
TNJA5F202G2,Heavy Wool Oversized Blazer (Grey),티엔지티,B000,1004,1,,239000,182830,23,0,0,14,4.9,716,0,131,51,"95:20, 100:31, 105:0, 110:0",139,"그레이:51, 브라운:88"
TNPA6E104BK,Comfort Cotton Pants (Black),티엔지티,B000,1004,1,[26SS],79000,71100,10,0,0,4,5.0,80,12,23,352,"078 (30):89, 082 (32):138, 086 (34):96, 090 (36):29",936,"블랙:352, 베이지:364, 카키:220"
TNJA5F202W2,Heavy Wool Oversized Blazer (Brown),티엔지티,B000,1004,1,,239000,182830,23,0,0,14,4.9,716,0,79,88,"95:27, 100:55, 105:6, 110:0",139,"그레이:51, 브라운:88"
TNSW5F102BK,Milano Zip-up Cardigan (Black),티엔지티,B000,1004,1,[25FW],149000,107280,28,0,0,14,4.6,228,0,52,215,"95:69, 100:90, 105:46, 110:10",363,"블랙:215, 브라운:148"
TNSW5F110W2,Essential Polo Knit (Brown),티엔지티,B000,1004,1,[25FW],119000,87820,26,0,0,176,4.8,2,12,409,31,"95:31, 100:0, 105:0, 110:0",137,"블랙:48, 그레이:58, 브라운:31"
TNPA6E109G2,Wide Fit Ribbed Banding Pants (Light Grey),티엔지티,B000,1004,1,[26SS],89000,80100,10,0,0,4,4.5,59,0,9,300,"078 (30):103, 082 (32):115, 086 (34):56, 090 (36):26",594,"블랙:294, 그레이:300"
TNJU5F103G2,Wool Blended Trucker Jacket (Melange Grey),티엔지티,B000,1004,1,,179000,128880,28,0,0,13,4.8,280,0,118,78,"95:27, 100:35, 105:16, 110:0",318,"블랙:240, 그레이:78"
TNPA6E100N2,High Wool Blended Comfort Pants (Navy),티엔지티,B000,1004,1,[26SS],89000,84550,5,0,0,3,5.0,413,17,12,294,"29S (29):22, 30S (30):21, 30L (30):26, 32S (32):34, 32L (32):67, 34S (34):28, 34L (34):34, 36S (36):24, 36L (36):20, 38L (38):18",1319,"블랙:427, 차콜 그레이:598, 네이비:294"
TNSH6E101K2,Kinoshita Seersucker Shirts (Khaki),키노시타 바이 티엔지티,B01M,1004,1,[26SS],79000,75050,5,0,0,3,5.0,70,10,19,289,"095:69, 100:109, 105:74, 110:37",577,"블랙:288, 카키:289"
TNJA5F100BK,Wool Blended Comfort Jacket (Black),티엔지티,B000,1004,1,,159000,114480,28,0,0,7,4.6,2,10,43,22,"95:7, 100:2, 105:13, 110:0",217,"블랙:22, 차콜 그레이:15, 네이비:180"
TNJU5F103BK,Wool Blended Trucker Jacket (Black),티엔지티,B000,1004,1,,179000,128880,28,0,0,13,4.8,280,0,61,240,"95:66, 100:96, 105:55, 110:23",318,"블랙:240, 그레이:78"
TNPA5F202K2,Waist Detail Wool Wide Pants (Khaki),티엔지티,B000,1004,1,[25FW],99000,73060,26,0,0,74,4.8,1,0,110,55,"078 (30):41, 082 (32):14, 086 (34):0, 090 (36):0",55,"블랙:0, 그레이:0, 카키:55"
TNJU6E107N2,Yoyogi Pleats Hooded Zip-Up (Navy),요요기 플리츠 바이 티엔지티,B01O,1004,1,[26SS],129000,122550,5,0,0,6,4.8,298,53,40,175,"095:27, 100:63, 105:52, 110:33",523,"블랙:177, 네이비:175, 브라운:171"
TNSH5F104BK,Oversized Check Shirt (Black),티엔지티,B000,1004,1,[25FW],89000,72090,19,0,0,33,4.9,618,0,120,39,"95:1, 100:36, 105:2, 110:0",107,"블랙:39, 브라운:68"
TNJA5F100N2,Wool Blended Comfort Jacket (Dark Navy),티엔지티,B000,1004,1,,159000,114480,28,0,0,7,4.6,2,10,32,180,"95:23, 100:51, 105:78, 110:28",217,"블랙:22, 차콜 그레이:15, 네이비:180"
TNTS5F103BK,Embroidery Logo Polo Sweat (Black),티엔지티,B000,1004,1,[25FW],79000,60430,23,0,0,32,4.7,665,0,56,129,"95:30, 100:60, 105:30, 110:9",234,"블랙:129, 그레이:13, 네이비:92"
TNJU4F102BK,블랙 오버핏 크롭 플라이트 점퍼,티엔지티,B000,1004,2,[24FW],179000,74110,58,0,0,1,3.0,34,0,19,268,"95:78, 100:100, 105:64, 110:26",268,블랙:268
TNSH6E106E2,Oversized Check Shirt (Olive Grey),티엔지티,B000,1004,1,[26SS],89000,80100,10,0,0,1,5.0,41,10,45,284,"95:57, 100:108, 105:87, 110:32",559,"초록:284, 브라운:275"
TNJA6E109CG,Wool Blended Comfort Jacket (Dark Grey),티엔지티,B000,1004,1,[26SS],159000,143100,10,0,0,5,5.0,139,36,39,102,"95:19, 100:39, 105:33, 110:11",265,"블랙:163, 차콜 그레이:102"
TNPA5E100I3,Essential Semi-Wide Slacks (Dusty Beige),티엔지티,B000,1004,2,,69000,43470,37,0,0,197,4.8,2,23,42,16,"078 (30):0, 082 (32):0, 086 (34):0, 090 (36):16",16,진한 베이지:16
TNJA6E100N2,High Wool Blended Comfort Jacket (Navy),티엔지티,B000,1004,1,[26SS],179000,161100,10,0,0,1,5.0,388,20,21,231,"95:40, 100:92, 105:71, 110:28",849,"블랙:212, 차콜 그레이:406, 네이비:231"
TNSH5F100OW,Comfort Cotton Shirt (Off-White),티엔지티,B000,1004,1,[25FW],59000,43540,26,0,0,52,4.7,933,0,73,15,"95:1, 100:14, 105:0, 110:0",215,"블루:174, 그레이:26, 미색:15"
TNTS5E205N2,Kinoshita Seersucker Collared T-Shirts (Navy),티엔지티,B000,1004,2,,69000,43470,37,0,0,268,4.8,3,0,16,70,"95:2, 100:42, 105:24, 110:2",199,"블랙:129, 베이지:0, 네이비:70"
TNSH5F104W2,Oversized Check Shirt (Brown),티엔지티,B000,1004,1,[25FW],89000,72090,19,0,0,33,4.9,618,0,59,68,"95:9, 100:33, 105:26, 110:0",107,"블랙:39, 브라운:68"
TNTS6E102CG,Wool Blended Jersey Long Sleeves (Dark Grey),티엔지티,B000,1004,1,[26SS],79000,71100,10,0,0,0,0.0,42,11,7,172,"95:26, 100:60, 105:55, 110:31",342,"블랙:170, 차콜 그레이:172"
TNJU5F206N2,European-goose Corduroy Down Jumper (Dark Navy),티엔지티,B000,1004,1,,289000,208080,28,0,0,297,4.8,3,0,486,220,"95:151, 100:61, 105:2, 110:6",1208,"네이비:220, 브라운:988"
TNPA5E208I2,Seersucker Wide Fit Pants (Light Beige),티엔지티,B000,1004,2,,79000,48110,39,0,0,1210,4.8,11,24,43,192,"078 (30):50, 082 (32):52, 086 (34):30, 090 (36):60",750,"블랙:0, 그레이:213, 베이지:192, 네이비:345"
TNJA6E102BK,Comfort Cotton Jacket (Black),티엔지티,B000,1004,1,[26SS],159000,143100,10,0,0,1,5.0,53,10,14,279,"95:49, 100:93, 105:81, 110:56",565,"블랙:279, 베이지:286"
TNSW5F110G2,Essential Polo Knit (Grey),티엔지티,B000,1004,1,[25FW],119000,87820,26,0,0,211,4.8,2,12,266,58,"95:58, 100:0, 105:0, 110:0",137,"블랙:48, 그레이:58, 브라운:31"
TNTS5E103BK,Americanflag Sweatshirt (Black),티엔지티,B000,1004,2,,79000,49770,37,0,0,39,4.9,410,16,36,34,"95:24, 100:10, 105:0, 110:0",34,블랙:34
TNPA5E105I2,Cotton Wide Cargo Pants (Beige),티엔지티,B000,1004,2,,99000,62370,37,0,0,29,4.9,442,18,33,71,"078 (30):23, 082 (32):9, 086 (34):28, 090 (36):11",133,"블랙:62, 베이지:71"
TNPA5F106BK,Slit Flared-fit Pants (Black),티엔지티,B000,1004,1,[25FW],79000,60430,23,0,0,22,4.9,570,0,59,27,"078 (30):0, 082 (32):1, 086 (34):23, 090 (36):3",139,"블랙:27, 브라운:112"
TNTS5F103N2,Embroidery Logo Polo Sweat (Navy),티엔지티,B000,1004,1,[25FW],79000,60430,23,0,0,32,4.7,665,0,48,92,"95:17, 100:32, 105:32, 110:11",234,"블랙:129, 그레이:13, 네이비:92"
TNSH5F106B2,Western Denim Shirt (Washed Blue),티엔지티,B000,1004,1,[25FW],99000,75730,23,0,0,20,4.8,306,0,44,129,"95:35, 100:57, 105:36, 110:1",180,"블루:129, 그레이:51"
TNSW5F101W2,Chunky Wool Blended Knit Cardigan (Brown),티엔지티,B000,1004,1,[25FW],149000,107280,28,0,0,58,4.7,1,23,43,233,"95:67, 100:94, 105:53, 110:19",412,"그레이:77, 네이비:102, 브라운:233"
TNSW5F112N2,Stripe Oversized Polo Knit (Navy),티엔지티,B000,1004,1,[25FW],119000,87820,26,0,0,34,4.8,663,0,128,74,"95:31, 100:27, 105:16, 110:0",301,"네이비:74, 브라운:227"
TNSH5E101I2,Essential Tencel Shirt (Beige),티엔지티,B000,1004,2,,75000,47250,37,0,0,46,4.8,715,0,39,36,"95:12, 100:14, 105:9, 110:1",36,"차콜 그레이:0, 베이지:36"
TNJU6E106BK,Kinoshita Seersucker Hooded Zip-up (Black),키노시타 바이 티엔지티,B01M,1004,1,[26SS],179000,161100,10,0,0,3,5.0,46,22,46,277,"095:78, 100:91, 105:77, 110:31",432,"블랙:277, 그레이:155"
TNTS5F102G2,Oversized Hoodie Sweat (Melange Grey),티엔지티,B000,1004,1,[25FW],89000,68080,23,0,0,45,4.9,570,0,153,61,"95:43, 100:18, 105:0, 110:0",100,"블랙:39, 그레이:61"
TNJU5E101W2,New Trucker Jacket (Brown),티엔지티,B000,1004,2,[25SS],169000,106470,37,0,0,18,4.9,430,27,44,199,"95:54, 100:77, 105:44, 110:24",282,"블랙:83, 브라운:199"
TNPA5F101I3,Essential Semi-wide fit Slacks (Dusty Beige),티엔지티,B000,1004,1,[25FW],69000,50920,26,0,0,93,4.8,1,0,34,201,"078 (30):59, 082 (32):75, 086 (34):48, 090 (36):19",201,"블랙:0, 그레이:0, 진한 베이지:201"
TNPA4F109I2,라이트베이지 와이드핏 리버스 플리츠 팬츠,티엔지티,B000,1004,2,[24FW],89000,36850,58,0,0,45,4.8,501,0,46,15,"078 (30):9, 082 (32):0, 086 (34):0, 090 (36):6",15,"블랙:0, 베이지:15"
TNPA5E105BK,Cotton Wide Cargo Pants (Black),티엔지티,B000,1004,2,,99000,62370,37,0,0,29,4.9,439,18,76,62,"078 (30):28, 082 (32):9, 086 (34):24, 090 (36):1",133,"블랙:62, 베이지:71"
TNSH5E106B2,Cotton Stripe Shirt (Blue),티엔지티,B000,1004,2,,79000,49770,37,0,0,38,4.6,681,0,43,88,"95:32, 100:40, 105:6, 110:10",88,블루:88
TNPA5E209G2,Seersucker Tapered Fit Pants (Grey),티엔지티,B000,1004,2,,79000,49770,37,0,0,330,4.8,3,0,19,280,"078 (30):131, 082 (32):43, 086 (34):45, 090 (36):61",449,"블랙:0, 그레이:280, 네이비:169"
TNJU5E102BK,Light Weight Big Pocket Jumper (Black),티엔지티,B000,1004,2,[25SS],149000,93870,37,0,0,8,4.6,214,21,62,45,"95:16, 100:28, 105:1, 110:0",45,블랙:45
TNPA5F001I2,Flap Wide Slacks (Light Beige),티엔지티,B000,1004,1,[25FW],79000,56880,28,0,0,31,4.8,795,0,28,105,"078 (30):28, 082 (32):41, 086 (34):23, 090 (36):13",112,"블랙:7, 베이지:105"
TNJA5F101G2,Virgin-wool Herringbone Double Jacket (Grey),티엔지티,B000,1004,1,,229000,185490,19,0,0,2,5.0,413,0,45,44,"95:29, 100:15, 105:0, 110:0",44,그레이:44
TNSH5F102BK,Corduroy Pull-over Shirt (Black),티엔지티,B000,1004,1,[25FW],89000,64080,28,0,0,12,4.8,389,0,87,91,"95:29, 100:47, 105:15, 110:0",554,"블랙:91, 베이지:463"
TNPA5E001I3,Essential Tapered Fit Slacks (Dusty Beige),티엔지티,B000,1004,2,,69000,43470,37,0,0,122,4.8,2,0,35,38,"29S (29):0, 30L (30):10, 30S (30):0, 32L (32):20, 32S (32):0, 34L (34):0, 34S (34):1, 36L (36):0, 36S (36):0, 38L (38):7",149,"블랙:6, 그레이:105, 진한 베이지:38"
TNJA4F101K2,그레이쉬카키 오버핏 노치드 싱글 트윌 셋업 자켓,티엔지티,B000,1004,2,[24FW],169000,69970,58,0,0,34,4.8,506,35,28,24,"95:0, 100:22, 105:2, 110:0",39,"블랙:15, 카키:24"
TNCO5F100CM,Wool Blended Mac Coat (Camel),티엔지티,B000,1004,1,,309000,241950,21,0,0,32,4.9,1,0,108,37,"95:4, 100:30, 105:3, 110:0",79,"블랙:42, 캐멀:37"
TNJU4F101BK,블랙 오버핏 헤비 플리스 더플 점퍼,티엔지티,B000,1004,2,[24FW],179000,74110,58,0,0,27,4.8,424,0,201,160,"95:101, 100:57, 105:2, 110:0",314,"블랙:160, 브라운:154"
TNTS5E206WT,Essential Round Neck T-Shirt (White),티엔지티,B000,1004,2,,39000,24570,37,0,0,47,4.9,885,0,22,192,"95:38, 100:65, 105:59, 110:30",1311,"블랙:290, 베이지:385, 네이비:444, 흰색:192"
TNJU6E107W2,Yoyogi Pleats Hooded Zip-Up (Brown),요요기 플리츠 바이 티엔지티,B01O,1004,1,[26SS],129000,122550,5,0,0,6,4.8,298,53,30,171,"095:24, 100:60, 105:50, 110:37",523,"블랙:177, 네이비:175, 브라운:171"
TNSH4F700MU,[1+1] 베이직 슬림핏 드레스 셔츠,티엔지티,B000,1004,2,,79000,32710,58,0,0,35,4.7,389,0,67,9,"95:9, 100:0, 105:0, 110:0",9,MULTI COLOR:9
TNTS5F104WT,Ribbed Sleeveless (White),티엔지티,B000,1004,1,[25FW],38000,29070,23,0,0,16,4.9,269,0,24,27,"95:12, 100:0, 105:7, 110:8",109,"그레이:82, 흰색:27"
TNJA5F102G2,Pin-stripe Double breasted Jacket (Grey),티엔지티,B000,1004,1,,169000,124720,26,0,0,17,4.7,551,0,33,35,"95:14, 100:16, 105:5, 110:0",41,"그레이:35, 네이비:6"
0TJA6E101CG,Classic 3-piece Wool Suit (Charcoal Grey),티엔지티 세트,0T,1004,1,[26SS],517000,465300,10,0,0,0,0.0,172,0,32,0,,168,차콜 그레이:168
TNJA5E101BK,Comfort Cotton Set-Up Jacket (Black),티엔지티,B000,1004,2,[25SS],159000,100170,37,0,0,10,4.8,564,0,43,406,"95:94, 100:145, 105:105, 110:62",690,"블랙:406, 세피아:284"
TNJA6E102I2,Comfort Cotton Jacket (Beige),티엔지티,B000,1004,1,[26SS],159000,143100,10,0,0,1,5.0,53,10,13,286,"95:48, 100:97, 105:85, 110:56",565,"블랙:279, 베이지:286"
TNSH6E104I2,Comfort Linen Shirt (Beige),티엔지티,B000,1004,1,[26SS],79000,75050,5,0,0,1,5.0,14,0,14,291,"95:67, 100:123, 105:71, 110:30",484,"그레이:193, 베이지:291"
TNPA5E001G2,Essential Tapered Fit Slacks (Dark Gray),티엔지티,B000,1004,2,,69000,43470,37,0,0,122,4.8,2,0,30,105,"29S (29):15, 30L (30):24, 30S (30):0, 32L (32):32, 32S (32):0, 34L (34):24, 34S (34):0, 36L (36):3, 36S (36):6, 38L (38):1",149,"블랙:6, 그레이:105, 진한 베이지:38"
TNTS5E207BK,Essential U-neck T-Shirts (Black),티엔지티,B000,1004,2,,39000,24570,37,0,0,80,4.8,1,0,24,146,"95:36, 100:65, 105:44, 110:1",146,"블랙:146, 흰색:0"
TNJU6E100G2,Comfort Office Jumper (Grey),티엔지티,B000,1004,1,[26SS],189000,170100,10,0,0,4,5.0,21,11,23,172,"95:33, 100:72, 105:49, 110:18",417,"블랙:245, 그레이:172"
TNSW4F209IV,아이보리 오버핏 와플 스트라이프 니트,티엔지티,B000,1004,2,[24FW],109000,49050,55,0,0,32,4.8,147,0,3,9,"95:3, 100:1, 105:2, 110:3",9,아이보리:9
TNJU5F106BK,MA-1 Bomber Cropped Jacket (Black),티엔지티,B000,1004,1,,179000,128880,28,0,0,9,5.0,294,0,141,157,"95:53, 100:74, 105:20, 110:10",157,블랙:157
TNSH6E103W2,Kinoshita Seersucker Stripe Shirts (Brown),키노시타 바이 티엔지티,B01M,1004,1,[26SS],89000,84550,5,0,0,1,5.0,25,16,15,289,"095:68, 100:106, 105:77, 110:38",471,"블루:182, 브라운:289"
TNJU5F100CG,Wool Blended Stripe Jumper (Dark Grey),티엔지티,B000,1004,1,,219000,167530,23,0,0,6,5.0,401,0,171,128,"95:61, 100:67, 105:0, 110:0",128,차콜 그레이:128
TNJA5E102I2,Fratboy Gold Button Jacket (Beige),티엔지티,B000,1004,2,[25SS],169000,106470,37,0,0,139,4.7,1,0,25,105,"95:27, 100:39, 105:26, 110:13",105,베이지:105
TNTS5E216BK,Yoyogi Pleats Oversized Summer Collar T-Shirt (Black),티엔지티,B000,1004,2,,79000,49770,37,0,0,117,4.8,2,0,24,6,"95:0, 100:0, 105:6, 110:0",189,"블랙:6, 베이지:183"
TNSH5F105B2,Comfort Stripe Shirt (Dusty Blue),티엔지티,B000,1004,1,[25FW],79000,56880,28,0,0,46,4.7,926,12,145,1,"95:1, 100:0, 105:0, 110:0",214,"블루:1, 노랑:213"
TNPA5F106W2,Slit Flared-fit Pants (Brown),티엔지티,B000,1004,1,[25FW],79000,60430,23,0,0,22,4.9,570,0,26,112,"078 (30):30, 082 (32):41, 086 (34):31, 090 (36):10",139,"블랙:27, 브라운:112"
TNPA5F001BK,Flap Wide Slacks (Black),티엔지티,B000,1004,1,[25FW],79000,56880,28,0,0,48,4.8,795,0,147,7,"078 (30):0, 082 (32):0, 086 (34):6, 090 (36):1",112,"블랙:7, 베이지:105"
TNJA5F104CR,Corduroy Jacket (Cream),티엔지티,B000,1004,1,,189000,136080,28,0,0,20,4.8,703,10,16,170,"95:24, 100:70, 105:49, 110:27",624,"크림:170, 브라운:454"
TNPA5F100CG,Wool Blended Tapered-fit Comfort Pants (Dark Grey),티엔지티,B000,1004,1,[25FW],69000,49680,28,0,0,40,4.9,2,0,50,21,"078 (30):20, 082 (32):1, 086 (34):0, 090 (36):0",280,"블랙:1, 차콜 그레이:21, 네이비:258"
TNTS5E216I2,Yoyogi Pleats Oversized Summer Collar T-Shirt (Beige),티엔지티,B000,1004,2,,79000,49770,37,0,0,117,4.8,2,0,24,183,"95:16, 100:77, 105:52, 110:38",189,"블랙:6, 베이지:183"
TNSH6E100G2,Comfort Cotton Shirt (Sage),티엔지티,B000,1004,1,[26SS],59000,53100,10,0,0,2,4.5,114,0,21,178,"95:40, 100:75, 105:44, 110:19",683,"블루:237, 그레이:178, 노랑:268"
TNSW5F108BK,Cashmere Blended V-neck Knit Top (Black),티엔지티,B000,1004,1,[25FW],109000,78480,28,0,0,293,4.9,2,0,205,70,"95:70, 100:0, 105:0, 110:0",70,"블랙:70, 그레이:0, 레드:0"
TNPA5F111N2,Yoyogi Pleats Wide-fit Pants (Navy),요요기 플리츠 바이 티엔지티,B01O,1004,1,,99000,84640,14,0,0,70,4.9,380,0,17,279,"3XS:49, XXS:71, 0XS:71, 00S:40, 00M:22, 00L:26",850,"블랙:311, 베이지:260, 네이비:279"
TNPA5E001BK,Essential Tapered Fit Slacks (Black),티엔지티,B000,1004,2,,69000,43470,37,0,0,122,4.8,2,0,71,6,"29S (29):0, 30L (30):6, 30S (30):0, 32L (32):0, 32S (32):0, 34L (34):0, 34S (34):0, 36L (36):0, 36S (36):0, 38L (38):0",149,"블랙:6, 그레이:105, 진한 베이지:38"
TNSW5F111G2,Ribbed Oversized Polo Knit (Grey),티엔지티,B000,1004,1,[25FW],119000,87820,26,0,0,13,4.8,239,0,55,134,"95:44, 100:45, 105:32, 110:13",237,"와인:103, 그레이:134"
TNPA6E114W2,Yoyogi Pleats Tapered-fit Pants (Brown),요요기 플리츠 바이 티엔지티,B01O,1004,1,[26SS],99000,94050,5,0,0,8,5.0,153,15,10,180,"0XS:22, 00S:39, 00M:54, 00L:44, 0XL:21",602,"블랙:241, 네이비:181, 브라운:180"
TNTS5F103G2,Embroidery Logo Polo Sweat (Grey),티엔지티,B000,1004,1,[25FW],79000,60430,23,0,0,32,4.7,665,0,90,13,"95:7, 100:6, 105:0, 110:0",234,"블랙:129, 그레이:13, 네이비:92"
TNTS5E101G2,Boxing Sweatshirt (Melange Gray),티엔지티,B000,1004,2,,79000,49770,37,0,0,17,4.9,147,0,27,32,"95:21, 100:11, 105:0, 110:0",72,"블랙:40, 그레이:32"
TNJA4F102I2,베이지 오버핏 피크드 더블 트윌 셋업자켓,티엔지티,B000,1004,2,[24FW],169000,69970,58,0,0,11,4.9,200,0,11,73,"95:14, 100:48, 105:11, 110:0",73,"블랙:0, 베이지:73"
TNPA6E114N2,Yoyogi Pleats Tapered-fit Pants (Navy),요요기 플리츠 바이 티엔지티,B01O,1004,1,[26SS],99000,94050,5,0,0,8,5.0,147,15,8,181,"0XS:24, 00S:37, 00M:51, 00L:45, 0XL:24",602,"블랙:241, 네이비:181, 브라운:180"
TNJA5F203W2,Faux Suede Oversized Jacket (Camel Brown),티엔지티,B000,1004,1,,179000,140160,21,0,0,46,4.8,1,0,316,2,"95:1, 100:1, 105:0, 110:0",2,브라운:2
TNJA6E100CG,High Wool Blended Comfort Jacket (Charcoal),티엔지티,B000,1004,1,[26SS],179000,161100,10,0,0,1,5.0,388,19,13,406,"95:73, 100:149, 105:130, 110:54",849,"블랙:212, 차콜 그레이:406, 네이비:231"
TNPA5F109I2,Lot.872 Straight-fit Pigment-Dyed Denim Pants (Vintage Beige),티엔지티,B000,1004,1,[25FW],89000,72090,19,0,0,139,4.8,907,0,273,6,"078 (30):6, 082 (32):0, 086 (34):0, 090 (36):0",6,베이지:6
TNSH5F100G2,Comfort Cotton Shirt (Grey),티엔지티,B000,1004,1,[25FW],59000,43540,26,0,0,52,4.7,933,0,81,26,"95:0, 100:26, 105:0, 110:0",215,"블루:174, 그레이:26, 미색:15"
TNSH5F102I2,Corduroy Pull-over Shirt (Beige),티엔지티,B000,1004,1,[25FW],89000,64080,28,0,0,12,4.8,389,0,29,463,"95:98, 100:167, 105:133, 110:65",554,"블랙:91, 베이지:463"
0TJA5E202G2,Kinoshita Seersucker Loose & Wide FIt Set-up (Grey),티엔지티 세트,0T,1004,2,,228000,143640,37,0,0,138,4.7,3,11,47,0,,136,그레이:136
TNSH6E104G2,Comfort Linen Shirt (Dark Grey),티엔지티,B000,1004,1,[26SS],79000,75050,5,0,0,1,5.0,14,0,13,193,"95:43, 100:83, 105:46, 110:21",484,"그레이:193, 베이지:291"
TNTS5E203B2,Stripe Polo Shirt (Blue),티엔지티,B000,1004,2,,69000,43470,37,0,0,86,4.8,1,0,16,94,"95:8, 100:18, 105:47, 110:21",167,"블루:94, 블랙:0, 브라운:73"
TNCO5F100BK,Wool Blended Mac Coat (Black),티엔지티,B000,1004,1,,309000,241950,21,0,0,32,4.9,1,0,222,42,"95:11, 100:30, 105:1, 110:0",79,"블랙:42, 캐멀:37"
TNPA5E209N2,Seersucker Tapered Fit Pants (Navy),티엔지티,B000,1004,2,,79000,49770,37,0,0,330,4.8,3,0,14,169,"078 (30):112, 082 (32):0, 086 (34):21, 090 (36):36",449,"블랙:0, 그레이:280, 네이비:169"
0TJA5E101S2,[SET] 세이지 테일러드 캐주얼 코튼 셋업,티엔지티 세트,0T,1004,2,[25SS],238000,142830,39,0,0,50,4.8,788,0,15,0,,284,세피아:284
TNJA5E101S2,Comfort Cotton Set-Up Jacket (Sage),티엔지티,B000,1004,2,[25SS],159000,100170,37,0,0,10,4.8,564,0,14,284,"95:63, 100:99, 105:84, 110:38",690,"블랙:406, 세피아:284"
TNSW5F102W2,Milano Zip-up Cardigan (Red Brown),티엔지티,B000,1004,1,[25FW],149000,107280,28,0,0,14,4.6,228,0,51,148,"95:39, 100:63, 105:37, 110:9",363,"블랙:215, 브라운:148"
TNJU5F107W2,Light Padded Hoodie Jacket (Orange Brown),티엔지티,B000,1004,1,,209000,150480,28,0,0,62,4.9,1,11,32,262,"95:80, 100:97, 105:61, 110:24",786,"블랙:372, 카키:152, 브라운:262"
TNSH6E100Y2,Comfort Cotton Shirt (Lemon),티엔지티,B000,1004,1,[26SS],59000,53100,10,0,0,2,4.5,114,0,30,268,"95:62, 100:113, 105:66, 110:27",683,"블루:237, 그레이:178, 노랑:268"
TNSW5F116W2,Rugby Oversized Polo Knit (Brown),티엔지티,B000,1004,1,[25FW],119000,85680,28,0,0,153,4.8,1,0,76,246,"95:82, 100:60, 105:79, 110:25",259,"그레이:13, 브라운:246"
TNSW5E102I2,Cable Long Sleeves Knit Top (Tan Beige),티엔지티,B000,1004,2,[25SS],109000,68670,37,0,0,66,4.7,610,0,46,91,"95:31, 100:27, 105:26, 110:7",142,"그레이:27, 베이지:91, 네이비:24"
TNJA5E202G2,Seersucker Jacket (Gray),티엔지티,B000,1004,2,,149000,93870,37,0,0,304,4.9,4,0,12,136,"95:24, 100:27, 105:14, 110:71",903,"블랙:351, 그레이:136, 베이지:243, 네이비:173"
TNPA5F111I2,Yoyogi Pleats Wide-fit Pants (Beige),요요기 플리츠 바이 티엔지티,B01O,1004,1,,99000,84640,14,0,0,70,4.9,380,0,24,260,"3XS:42, XXS:70, 0XS:64, 00S:40, 00M:20, 00L:24",850,"블랙:311, 베이지:260, 네이비:279"
TNPA4F100G2,그레이 『NoCut』 테이퍼드핏 히든밴딩 노턱 슬랙스,티엔지티,B000,1004,2,[24FW],69000,28570,58,0,0,604,4.8,963,0,45,6,"29S (29):6, 30L (30):0, 30S (30):0, 32L (32):0, 32S (32):0, 34L (34):0, 34S (34):0, 36L (36):0, 36S (36):0, 38L (38):0, 38S:0",6,"블랙:0, 그레이:6, 진한 베이지:0"
0TJA5E201N2,Hard Twist Sports Set-Up (Navy),티엔지티 세트,0T,1004,2,[25SS],208000,131040,37,0,0,28,4.8,715,0,10,0,,119,네이비:119
TNSH6E107B2,Vintage Seersucker Check Shirt (Blue),티엔지티,B000,1004,1,[26SS],89000,84550,5,0,0,0,0.0,20,0,12,288,"95:60, 100:111, 105:83, 110:34",488,"블루:288, 레드:200"
0TJA5E101BK,[SET] 블랙 테일러드 캐주얼 코튼 셋업,티엔지티 세트,0T,1004,2,[25SS],238000,142830,39,0,0,71,4.8,1,0,33,0,,407,블랙:407
TNPA5F100N2,Wool Blended Tapered-fit Comfort Pants (Navy),티엔지티,B000,1004,1,[25FW],69000,49680,28,0,0,39,4.8,2,0,33,258,"078 (30):76, 082 (32):79, 086 (34):70, 090 (36):33",280,"블랙:1, 차콜 그레이:21, 네이비:258"
TNCO5F102BK,Heavy Wool Tailored Double-breasted Coat (Black),티엔지티,B000,1004,1,,309000,222480,28,0,0,17,4.9,613,0,76,93,"95:31, 100:47, 105:15, 110:0",189,"블랙:93, 그레이:96"
TNJU5F204BK,European-goose Glossy Down Jumper (Black),티엔지티,B000,1004,1,,329000,236880,28,0,0,15,4.6,342,0,146,171,"95:43, 100:69, 105:54, 110:5",171,블랙:171
TNSH6E102N2,Kinoshita Seersucker Check Shirts (Navy),키노시타 바이 티엔지티,B01M,1004,1,[26SS],89000,84550,5,0,0,2,4.5,102,32,24,291,"095:61, 100:110, 105:85, 110:35",530,"블랙:239, 네이비:291"
TNCO4F100G2,도브그레이 『Cashmere-Blended』 루즈핏 히든 싱글코트,티엔지티,B000,1004,2,[24FW],299000,123790,58,0,0,21,4.7,329,0,64,77,"95:26, 100:36, 105:15, 110:0",100,"블랙:23, 그레이:77"
0TTS5E205N2,Kinoshita Seersucker T-Shirts & Tapered Pants Set-up (Navy),티엔지티 세트,0T,1004,2,,148000,93240,37,0,0,85,4.8,1,0,27,0,,169,네이비:169
TNPA5E103B2,Lot.872 Semi-Wide Denim Pants (Light Blue),티엔지티,B000,1004,2,,79000,49770,37,0,0,708,4.8,5,0,48,8,"078 (30):0, 082 (32):0, 086 (34):0, 090 (36):8",8,블루:8
TNPA5E110N2,Wool Blend Comfort Set-Up Pants (Dark Navy),티엔지티,B000,1004,2,,79000,49770,37,0,0,23,4.9,1,0,29,22,"078 (30):18, 082 (32):4, 086 (34):0, 090 (36):0",37,"차콜 그레이:15, 네이비:22"
0TPA5E209N2,Kinoshita Seersucker Loose & Tapered FIt Set-up (Navy),티엔지티 세트,0T,1004,2,,228000,143640,37,0,0,58,4.8,1,0,8,0,,173,네이비:173
TNSW5E205I2,Crochet Polo Knit Top (Melange Beige),티엔지티,B000,1004,2,[25SS],79000,49770,37,0,0,140,4.8,1,0,9,210,"95:33, 100:83, 105:63, 110:31",622,"베이지:210, 네이비:230, 실버:182"
TNSH5E206BK,Kinoshita Seersucker Half-Sleeves Shirts (Black),티엔지티,B000,1004,2,,69000,43470,37,0,0,124,4.8,1,0,18,139,"95:36, 100:45, 105:54, 110:4",277,"블랙:139, 베이지:138"
TNJA5E202I2,Seersucker Jacket (Light Beige),티엔지티,B000,1004,2,,149000,90740,39,0,0,304,4.9,4,0,13,243,"95:22, 100:70, 105:96, 110:55",903,"블랙:351, 그레이:136, 베이지:243, 네이비:173"
TNJU5F202BK,City Climber European-goose Down Parka (Black),티엔지티,B000,1004,1,,329000,236880,28,0,0,103,4.8,2,0,449,339,"95:73, 100:155, 105:69, 110:42",463,"블랙:339, 카키:124"
TNSH6E107R2,Vintage Seersucker Check Shirt (Red),티엔지티,B000,1004,1,[26SS],89000,84550,5,0,0,0,0.0,20,0,9,200,"95:42, 100:74, 105:59, 110:25",488,"블루:288, 레드:200"
TNPA6E108W2,Yoyogi Pleats Wide Fit Pants (Brown),요요기 플리츠 바이 티엔지티,B01O,1004,1,[26SS],99000,94050,5,0,0,0,0.0,13,0,5,284,"0XS:61, 00S:76, 00M:60, 00L:37, 0XL:33, XXS:17",284,브라운:284
TNTS5F104G2,Ribbed Sleeveless (Grey),티엔지티,B000,1004,1,[25FW],38000,29070,23,0,0,16,4.9,269,0,21,82,"95:24, 100:29, 105:11, 110:18",109,"그레이:82, 흰색:27"
TNSW5E205N2,Crochet Polo Knit Top (Melange Navy),티엔지티,B000,1004,2,[25SS],79000,49770,37,0,0,140,4.8,1,0,12,230,"95:42, 100:115, 105:64, 110:9",622,"베이지:210, 네이비:230, 실버:182"
TNJA6E101BK,Classic Wool Suit Jacket (Black),티엔지티,B000,1004,1,[26SS],259000,233100,10,0,0,0,0.0,130,0,11,161,"95:33, 100:49, 105:57, 110:22",329,"블랙:161, 차콜 그레이:168"
TNJA5F105I2,Redford Wool Blended Herringbone Jacket (Beige),티엔지티,B000,1004,1,,209000,150480,28,0,0,261,4.8,6,15,252,1,"95:0, 100:1, 105:0, 110:0",1,"그레이:0, 베이지:1, 브라운:0"
0TJA5E202N2,Kinoshita Seersucker Loose & Wide FIt Set-up (Navy),티엔지티 세트,0T,1004,2,,228000,143640,37,0,0,124,4.9,2,11,36,0,,173,네이비:173
TNCO5F102G2,Pin-stripe Tailored Double-breasted Coat (Gray),티엔지티,B000,1004,1,,309000,222480,28,0,0,17,4.9,613,0,134,96,"95:19, 100:58, 105:19, 110:0",189,"블랙:93, 그레이:96"
TNSW5F116G2,Rugby Oversized Polo Knit (Grey),티엔지티,B000,1004,1,[25FW],119000,85680,28,0,0,142,4.8,1,0,288,13,"95:13, 100:0, 105:0, 110:0",259,"그레이:13, 브라운:246"
TNPA5F100BK,Wool Blended Tapered-fit Comfort Pants (Black),티엔지티,B000,1004,1,[25FW],69000,49680,28,0,0,28,4.9,2,0,55,1,"078 (30):0, 082 (32):1, 086 (34):0, 090 (36):0",280,"블랙:1, 차콜 그레이:21, 네이비:258"
TNJA5F106BK,Denim-like Jacket (Black Indigo),티엔지티,B000,1004,1,,179000,136930,23,0,0,1,5.0,166,0,12,108,"95:33, 100:43, 105:32, 110:0",108,블랙:108
TNPA5E204G2,Hard Twist Sports Set-Up Pants (Gray),티엔지티,B000,1004,2,,69000,43470,37,0,0,37,4.6,958,0,9,48,"078 (30):28, 082 (32):0, 086 (34):6, 090 (36):14",149,"그레이:48, 네이비:101"
TNJA5E203G2,Seersucker Collarless Jacket (Gray),티엔지티,B000,1004,2,,149000,93870,37,0,0,47,4.9,1,0,11,27,"95:0, 100:14, 105:12, 110:1",156,"블랙:17, 그레이:27, 베이지:112"
TNTS5E101BK,Boxing Sweatshirt (Black),티엔지티,B000,1004,2,,79000,49770,37,0,0,17,4.9,147,0,13,40,"95:25, 100:14, 105:1, 110:0",72,"블랙:40, 그레이:32"
TNJU5F207K2,European-goose Duffle Long Down Jumper (Khaki),티엔지티,B000,1004,1,,339000,259330,23,0,0,111,4.8,1,0,311,168,"95:49, 100:73, 105:44, 110:2",169,"블랙:1, 카키:168"
TNJA5E202N2,Seersucker Jacket (Navy),티엔지티,B000,1004,2,,149000,93870,37,0,0,304,4.9,4,0,16,173,"95:23, 100:42, 105:41, 110:67",903,"블랙:351, 그레이:136, 베이지:243, 네이비:173"
0TPA5E209G2,Kinoshita Seersucker Loose & Tapered FIt Set-up (Grey),티엔지티 세트,0T,1004,2,,228000,143640,37,0,0,88,4.9,2,0,16,0,,136,그레이:136
TNJU5F208K2,Karakoram Short Goose Down Jumper (Khaki),티엔지티,B000,1004,1,,309000,241950,21,0,0,82,4.9,1,0,242,19,"95:17, 100:0, 105:0, 110:2",20,"블랙:1, 카키:19"
TNJU5F202K2,City Climber European-goose Down Parka (Olive Khaki),티엔지티,B000,1004,1,,329000,236880,28,0,0,103,4.8,2,0,451,124,"95:34, 100:52, 105:33, 110:5",463,"블랙:339, 카키:124"
TNJU5F201I2,European-goose Down Puffer (Dusty Beige),티엔지티,B000,1004,1,,279000,225990,19,0,0,357,4.9,5,0,176,1,"95:0, 100:0, 105:1, 110:0",1,"블랙:0, 베이지:1, 브라운:0"
0TJA5F106BK, Denim-Like Jacket & Pants Set-up (Black Indigo),티엔지티 세트,0T,1004,1,,258000,185760,28,0,0,7,4.4,474,0,60,0,,108,블랙:108
TNJU4F107BK,블랙 오버핏 스타디움 바시티 울 자켓,티엔지티,B000,1004,2,[24FW],239000,98950,58,0,0,6,4.5,150,0,44,239,"95:71, 100:77, 105:51, 110:40",417,"블랙:239, 베이지:178"
TNSW5F110BK,Essential Polo Knit (Black),티엔지티,B000,1004,1,[25FW],119000,87820,26,0,0,225,4.7,2,12,173,48,"95:48, 100:0, 105:0, 110:0",137,"블랙:48, 그레이:58, 브라운:31"
TNPA5F110BK,Denim-like Straight fit Pants (Black Indigo),티엔지티,B000,1004,1,[25FW],79000,63990,19,0,0,1,4.0,308,0,36,14,"078 (30):4, 082 (32):2, 086 (34):8, 090 (36):0",14,블랙:14
TNSW5E201OW,Compact Henley Neck Knit Top (Off White),티엔지티,B000,1004,2,[25SS],79000,49770,37,0,0,57,4.8,946,0,6,414,"95:63, 100:156, 105:129, 110:66",709,"블랙:184, 그레이:111, 미색:414"
TNSW5F107BK,Cashmere Blended Turtle-neck Knit Top (Black),티엔지티,B000,1004,1,[25FW],99000,71280,28,0,0,143,4.8,928,0,182,228,"95:101, 100:109, 105:18, 110:0",247,"블랙:228, 아이보리:19"
TNTS5E206BK,Essential Round Neck T-Shirt (Black),티엔지티,B000,1004,2,,39000,24570,37,0,0,47,4.9,885,0,9,290,"95:49, 100:95, 105:102, 110:44",1311,"블랙:290, 베이지:385, 네이비:444, 흰색:192"
TNJU5F203BK,European-goose Office Down Jumper (Black),티엔지티,B000,1004,1,,299000,215280,28,0,0,45,4.7,1,0,339,28,"95:28, 100:0, 105:0, 110:0",200,"블랙:28, 브라운:172"
TNJU5F205BK,European-goose Corduroy Herrington down Jumper (Black),티엔지티,B000,1004,1,,299000,228730,23,0,0,15,4.8,773,0,194,51,"95:33, 100:18, 105:0, 110:0",62,"블랙:51, 브라운:11"
0TJA5F104W2,Corduroy Suit Set-up (Brown),티엔지티 세트,0T,1004,1,,268000,192960,28,0,0,56,4.8,1,0,106,0,,454,브라운:454
TNPA5E204N2,Hard Twist Sports Set-Up Pants (Navy),티엔지티,B000,1004,2,,69000,43470,37,0,0,37,4.6,958,0,15,101,"078 (30):38, 082 (32):25, 086 (34):26, 090 (36):12",149,"그레이:48, 네이비:101"
TNPA4F102N2,다크네이비 테이퍼드핏 컴포트 슈트 셋업팬츠,티엔지티,B000,1004,2,[24FW],79000,32710,58,0,0,26,4.8,180,0,13,15,"078 (30):15, 082 (32):0, 086 (34):0, 090 (36):0",15,네이비:15
TNJU4F101W2,브라운 오버핏 헤비 플리스 더플 점퍼,티엔지티,B000,1004,2,[24FW],179000,74110,58,0,0,27,4.8,424,0,76,154,"95:53, 100:60, 105:41, 110:0",314,"블랙:160, 브라운:154"
0TJA5F100CG,Wool Blend Comfort Suit Set-up (Dark Grey),티엔지티 세트,0T,1004,1,,228000,164160,28,0,0,49,4.9,2,24,272,0,,15,차콜 그레이:15
TNJU4F202I2,베이지 『European Goose』 벌룬핏 후드 헤비 다운 점퍼,티엔지티,B000,1004,2,[24FW],279000,115510,58,0,0,96,4.8,396,0,206,52,"95:0, 100:11, 105:4, 110:37",52,베이지:52
TNSW5E201BK,Compact Henley Neck Knit Top (Black),티엔지티,B000,1004,2,[25SS],79000,49770,37,0,0,57,4.8,946,0,8,184,"95:36, 100:80, 105:53, 110:15",709,"블랙:184, 그레이:111, 미색:414"
TNSH5F103BK,Micro-check Oversized Shirt (Black),티엔지티,B000,1004,1,[25FW],89000,64080,28,0,0,6,5.0,107,0,34,231,"95:46, 100:92, 105:68, 110:25",231,블랙:231
TNPA5E210I2,Yoyogi Pleats Wide Fit Summer Pants (Beige),티엔지티,B000,1004,2,,99000,62370,37,0,0,311,4.8,5,0,36,9,"3XS:0, XXS:0, 0XS:0, 00S:0, 00M:6, 00L:3",9,베이지:9
TNCO4F101G2,멜란지그레이 『Cashmere-Blended』 오버핏 3버튼 테일러드 코트,티엔지티,B000,1004,2,[24FW],299000,123790,58,0,0,28,4.8,512,0,149,14,"95:14, 100:0, 105:0, 110:0",121,"블랙:38, 그레이:14, 베이지:69"
TNSW5F111D2,Ribbed Oversized Polo Knit (Burgundy),티엔지티,B000,1004,1,[25FW],119000,87820,26,0,0,13,4.8,239,0,46,103,"95:29, 100:40, 105:26, 110:8",237,"와인:103, 그레이:134"
TNTS6E100G2,Embroidery Logo Sweatshirt (Melange Grey),티엔지티,B000,1004,1,[26SS],79000,71100,10,0,0,0,0.0,33,13,10,189,"085:9, 95:47, 100:67, 105:47, 110:19",365,"블랙:176, 그레이:189"
TNJU4F205W2,브라운 『European Goose』 오버핏 글로시 숏 다운 점퍼,티엔지티,B000,1004,2,[24FW],269000,111370,58,0,0,46,4.7,513,0,183,137,"95:32, 100:66, 105:31, 110:8",137,브라운:137
TNJA5F103W2,Virgin-wool Herringbone Single Jacket (Vintage Brown),티엔지티,B000,1004,1,,219000,157680,28,0,0,1,4.0,233,0,24,138,"95:26, 100:43, 105:45, 110:24",138,브라운:138
TNJU5F206W2,European-goose Corduroy Down Jumper (Brown),티엔지티,B000,1004,1,,289000,208080,28,0,0,297,4.8,3,0,444,988,"95:326, 100:391, 105:216, 110:55",1208,"네이비:220, 브라운:988"
TNSW5E102N2,Cable Long Sleeves Knit Top (Navy),티엔지티,B000,1004,2,[25SS],109000,68670,37,0,0,66,4.7,610,0,112,24,"95:24, 100:0, 105:0, 110:0",142,"그레이:27, 베이지:91, 네이비:24"
TNPA6E103BK,Classic Wool Suit Pants (Black),티엔지티,B000,1004,1,[26SS],129000,116100,10,0,0,0,0.0,128,0,8,210,"078 (30):38, 082 (32):58, 086 (34):79, 090 (36):35",431,"블랙:210, 차콜 그레이:221"
TNJA5F102N2,Pin-stripe Double breasted Jacket (Navy),티엔지티,B000,1004,1,,169000,124720,26,0,0,17,4.7,551,0,39,6,"95:6, 100:0, 105:0, 110:0",41,"그레이:35, 네이비:6"
TNJU5F208BK,Karakoram Short Goose Down Jumper (Black),티엔지티,B000,1004,1,,309000,241950,21,0,0,82,4.9,1,0,676,1,"95:0, 100:0, 105:0, 110:1",20,"블랙:1, 카키:19"
0TJA5F101G2,Virgin Wool Blended Herringbone Double Set-up (Grey),티엔지티 세트,0T,1004,1,,338000,243360,28,0,0,16,4.9,997,0,124,0,,44,그레이:44
TNJA5E100BK,Oversize Single Breasted Jacket (Black),티엔지티,B000,1004,2,[25SS],159000,100170,37,0,0,12,5.0,1,0,25,1,"95:0, 100:1, 105:0, 110:0",20,"블랙:1, 그레이:19"
0TJA5F103W2,Virgin Wool Blended Herringbone Single Set-up(Vintage Brown),티엔지티 세트,0T,1004,1,,328000,236160,28,0,0,22,4.8,837,0,84,0,,138,브라운:138
TNSW5E201G2,Compact Henley Neck Knit Top (Gray),티엔지티,B000,1004,2,[25SS],79000,49770,37,0,0,57,4.8,946,0,10,111,"95:8, 100:48, 105:42, 110:13",709,"블랙:184, 그레이:111, 미색:414"
TNJU4F107I2,베이지 오버핏 스타디움 바시티 울 자켓,티엔지티,B000,1004,2,[24FW],239000,98950,58,0,0,6,4.5,150,0,30,178,"95:47, 100:55, 105:41, 110:35",417,"블랙:239, 베이지:178"
TNJA5E201N2,Hard Twist Sports Set-Up Jacket (Navy),티엔지티,B000,1004,2,[25SS],139000,87570,37,0,0,4,5.0,642,0,16,119,"95:18, 100:41, 105:45, 110:15",229,"그레이:110, 네이비:119"
TNCO4F101I2,베이지 『Cashmere-Blended』 오버핏 3버튼 테일러드 코트,티엔지티,B000,1004,2,[24FW],299000,123790,58,0,0,28,4.8,512,0,29,69,"95:35, 100:34, 105:0, 110:0",121,"블랙:38, 그레이:14, 베이지:69"
TNSW5E204I2,Essential Cable Knit Top (Tan Beige),티엔지티,B000,1004,2,[25SS],79000,49770,37,0,0,32,4.8,522,0,15,231,"95:28, 100:86, 105:63, 110:54",671,"초록:142, 베이지:231, 네이비:298"
TNTS5E209BK,Embroidery Logo T-Shirt (Black),티엔지티,B000,1004,2,,59000,37170,37,0,0,6,4.2,121,0,8,136,"95:32, 100:48, 105:39, 110:17",275,"블랙:136, 흰색:139"
TNSW5F113W2,Contrast Ribbed Knit (Vintage Brown),티엔지티,B000,1004,1,[25FW],119000,91030,23,0,0,22,4.9,498,0,70,76,"95:12, 100:22, 105:28, 110:14",77,"블루:1, 브라운:76"
TNTS5E105G2,Stripe Polo Shirt (Gray),티엔지티,B000,1004,2,,79000,49770,37,0,0,34,4.9,558,0,32,4,"95:0, 100:0, 105:0, 110:4",4,"그레이:4, 네이비:0"
TNJA5E100G2,Oversize Single Breasted Jacket (Dark Gray),티엔지티,B000,1004,2,[25SS],159000,100170,37,0,0,12,5.0,1,0,14,19,"95:0, 100:19, 105:0, 110:0",20,"블랙:1, 그레이:19"
0TJA5E201G2,Hard Twist Sports Set-Up (Gray),티엔지티 세트,0T,1004,2,[25SS],208000,131040,37,0,0,28,4.6,885,0,7,0,,110,그레이:110
TNSW5F105CG,Cashmere Blended Round-neck Sweater (Dark Grey),티엔지티,B000,1004,1,[25FW],109000,80440,26,0,0,166,4.9,2,11,108,6,"95:6, 100:0, 105:0, 110:0",259,"블루:87, 블랙:56, 차콜 그레이:6, 캐멀:75, 아이보리:35, 브라운:0"
TNSH5F106G2,Western Denim Shirt (Washed Grey),티엔지티,B000,1004,1,[25FW],99000,75730,23,0,0,20,4.8,306,0,83,51,"95:33, 100:18, 105:0, 110:0",180,"블루:129, 그레이:51"
0TJA5F100BK,Wool Blend Comfort Suit Set-up (Black),티엔지티 세트,0T,1004,1,,228000,164160,28,0,0,33,4.7,1,24,134,0,,22,블랙:22
TNTS5E217K2,Stripe Henley Neck T-shirt (Khaki),티엔지티,B000,1004,2,,69000,43470,37,0,0,7,4.7,158,0,6,142,"95:27, 100:56, 105:45, 110:14",304,"카키:142, 네이비:162"
TNCO4F102BK,블랙 『Cashmere-Blended』 오버핏 싱글브레스트 코트,티엔지티,B000,1004,2,[24FW],299000,123790,58,0,0,7,4.7,67,0,39,11,"95:11, 100:0, 105:0, 110:0",11,블랙:11
TNSW5F107IV,Cashmere Blended Turtle-neck Knit Top (Cream),티엔지티,B000,1004,1,[25FW],99000,71280,28,0,0,78,4.7,928,0,95,19,"95:17, 100:2, 105:0, 110:0",247,"블랙:228, 아이보리:19"
TNTS5E218WT,Sorona Polo Shirts (White),티엔지티,B000,1004,2,,79000,49770,37,0,0,5,4.6,202,0,5,178,"95:25, 100:52, 105:67, 110:34",566,"블랙:249, 그레이:139, 흰색:178"
TNJU5F203W2,European-goose Office Down Jumper (Vintage Brown),티엔지티,B000,1004,1,,299000,215280,28,0,0,45,4.7,1,0,110,172,"95:51, 100:71, 105:38, 110:12",200,"블랙:28, 브라운:172"
TNTS5E218BK,Sorona Polo Shirts (Black),티엔지티,B000,1004,2,,79000,49770,37,0,0,5,4.6,202,0,13,249,"95:35, 100:76, 105:92, 110:46",566,"블랙:249, 그레이:139, 흰색:178"
TNCO4F100BK,블랙 『Cashmere-Blended』 루즈핏 히든 싱글코트,티엔지티,B000,1004,2,[24FW],299000,123790,58,0,0,21,4.7,329,0,92,23,"95:23, 100:0, 105:0, 110:0",100,"블랙:23, 그레이:77"
TNJA5F201G2,Pin-stripe Wool Single Jacket (Grey),티엔지티,B000,1004,1,,239000,182830,23,0,0,0,0.0,293,0,55,73,"95:23, 100:37, 105:13, 110:0",73,그레이:73
TNCO5F101BK,Heavy Wool Double-breasted Coat (Black),티엔지티,B000,1004,1,,319000,249780,21,0,0,8,5.0,938,0,75,51,"95:19, 100:32, 105:0, 110:0",51,"블랙:51, 그레이:0"
TNJA5F100CG,Wool Blended Comfort Jacket (Dark Grey),티엔지티,B000,1004,1,,159000,114480,28,0,0,7,4.6,2,11,16,15,"95:0, 100:0, 105:9, 110:6",217,"블랙:22, 차콜 그레이:15, 네이비:180"
TNPA5E110CG,Wool Blend Comfort Set-Up Pants (Charcoal Gray),티엔지티,B000,1004,2,,79000,49770,37,0,0,23,4.9,1,0,46,15,"078 (30):15, 082 (32):0, 086 (34):0, 090 (36):0",37,"차콜 그레이:15, 네이비:22"
TNCO5F103W2,Herringbone Oversized Single Coat (Red Brown),티엔지티,B000,1004,1,,339000,244080,28,0,0,9,5.0,205,0,131,158,"95:32, 100:88, 105:38, 110:0",158,브라운:158
0TJA5E106CG,[SET] 다크그레이 울블랜디드 컴포트 수트 셋업,티엔지티 세트,0T,1004,1,,238000,192780,19,0,0,31,4.9,923,0,10,0,,0,차콜 그레이:0
0TPA5E209BK,Kinoshita Seersucker Loose & Tapered FIt Set-up (Black),티엔지티 세트,0T,1004,2,,228000,143640,37,0,0,216,4.8,4,0,26,0,,351,블랙:351
TNPA5F107CR,Corduroy Semi-wide fit Pants (Cream),티엔지티,B000,1004,1,[25FW],79000,63990,19,0,0,66,4.7,1,0,101,11,"078 (30):11, 082 (32):0, 086 (34):0, 090 (36):0",11,"크림:11, 브라운:0"
TNTS5E204WT,Barcode Logo T-Shirt (White),티엔지티,B000,1004,2,,59000,37170,37,0,0,7,4.7,215,0,6,143,"95:25, 100:49, 105:42, 110:27",242,"블랙:99, 흰색:143"
TNJA5E203BK,Seersucker Collarless Jacket (Black),티엔지티,B000,1004,2,,149000,93870,37,0,0,47,4.9,1,0,15,17,"95:0, 100:0, 105:0, 110:17",156,"블랙:17, 그레이:27, 베이지:112"
TNSW5F106W2,Cashmere Blended Mock-neck Knit Top (Brown),티엔지티,B000,1004,1,[25FW],99000,80190,19,0,0,100,4.7,1,0,136,9,"95:8, 100:0, 105:1, 110:0",9,"블랙:0, 브라운:9"
TNTS5E209WT,Embroidery Logo T-Shirt (White),티엔지티,B000,1004,2,,59000,37170,37,0,0,6,4.2,121,0,6,139,"95:27, 100:45, 105:49, 110:18",275,"블랙:136, 흰색:139"
0TPA5E100BK,[SET] 블랙 오버핏+세미와이드 싱글 자켓 슬랙스 셋업,티엔지티 세트,0T,1004,1,,228000,164160,28,0,0,91,4.8,1,10,32,0,,1,블랙:1
TNPA5E106I2,Yoyogi Pleats Wide Fit Pants (Beige),티엔지티,B000,1004,2,,99000,62370,37,0,0,311,4.8,1,0,13,28,"XXS:0, 0XS:0, 00S:0, 00M:4, 00L:21, 0XL:3",28,베이지:28
TNPA5F104W2,Virgin-wool Herringbone Wide fit Pants (Vintage Brown),티엔지티,B000,1004,1,[25FW],109000,88290,19,0,0,19,4.8,606,0,155,12,"078 (30):0, 082 (32):0, 086 (34):0, 090 (36):12",12,브라운:12
TNSW5E202E2,Stripe Polo Kint Top (Green),티엔지티,B000,1004,2,[25SS],79000,49770,37,0,0,31,4.8,526,0,7,31,"95:9, 100:8, 105:14, 110:0",213,"블랙:182, 초록:31"
0TJA5E106N2,[SET] 다크네이비 울블랜디드 컴포트 수트 셋업,티엔지티 세트,0T,1004,1,,238000,192780,19,0,0,28,4.8,972,0,29,0,,0,네이비:0
TNSH5E206I2,Kinoshita Seersucker Half-Sleeves Shirts (Light Beige),티엔지티,B000,1004,2,,69000,43470,37,0,0,124,4.8,1,0,5,138,"95:17, 100:52, 105:51, 110:18",277,"블랙:139, 베이지:138"
TNTS5E211CG,Americanflag Garment T-Shirt (Charcoal),티엔지티,B000,1004,2,,59000,37170,37,0,0,43,4.8,545,0,27,123,"95:17, 100:56, 105:37, 110:13",214,"블랙:91, 차콜 그레이:123"
TNPA5E109B2,Flared Fit Denim Pants (Grayish Blue),티엔지티,B000,1004,2,,82000,51660,37,0,0,61,4.7,518,0,27,1,"078 (30):0, 082 (32):0, 086 (34):0, 090 (36):1",1,블루:1
TNTS5E211BK,Americanflag T-Shirt (Black),티엔지티,B000,1004,2,,59000,37170,37,0,0,43,4.8,545,0,7,91,"95:24, 100:31, 105:27, 110:9",214,"블랙:91, 차콜 그레이:123"
TNSW5E206N2,Cable Polo Knit Top (Navy),티엔지티,B000,1004,2,[25SS],79000,49770,37,0,0,44,4.8,713,0,12,159,"95:23, 100:56, 105:61, 110:19",410,"크림:251, 네이비:159"
0TPA5E100G2,[SET] 다크그레이 오버핏+세미와이드 싱글 자켓 슬랙스 셋업,티엔지티 세트,0T,1004,1,,228000,164160,28,0,0,51,4.8,1,10,29,0,,19,그레이:19
TNTS5E212CR,Maison Logo Ringer T-Shirt (Cream),티엔지티,B000,1004,2,,59000,37170,37,0,0,31,4.8,602,0,14,126,"95:0, 100:54, 105:51, 110:21",229,"블루:103, 크림:126"
TNTS5E203W2,Stripe Polo Shirt (Brown),티엔지티,B000,1004,2,,69000,43470,37,0,0,86,4.8,1,0,7,73,"95:15, 100:23, 105:21, 110:14",167,"블루:94, 블랙:0, 브라운:73"
TNJA5E201G2,Hard Twist Set-Up Jacket (Gray),티엔지티,B000,1004,2,[25SS],139000,87570,37,0,0,4,5.0,642,0,9,110,"95:24, 100:34, 105:31, 110:21",229,"그레이:110, 네이비:119"
TNCO5F104BK,Wool Boucle Duffle Coat (Black),티엔지티,B000,1004,1,,319000,229680,28,0,0,6,4.7,214,0,70,106,"95:34, 100:54, 105:17, 110:1",231,"블랙:106, 브라운:125"
TNSH5E201G2,Denim Half Shirt (Washed Gray),티엔지티,B000,1004,2,,75000,47250,37,0,0,26,4.7,1,0,4,16,"95:1, 100:8, 105:3, 110:4",304,"블루:89, 진한 블루:199, 그레이:16"
TNSW5E203IV,Stripe Cable Knit Top (Ivory),티엔지티,B000,1004,2,[25SS],79000,49770,37,0,0,9,4.9,163,0,5,125,"95:13, 100:48, 105:48, 110:16",277,"아이보리:125, 네이비:152"
0TJA5F201G2,Pin-stripe Wool Single Suit Set-up (Grey),티엔지티 세트,0T,1004,1,,348000,250560,28,0,0,20,4.8,996,0,123,0,,73,그레이:73
TNSW5E206CR,Cable Polo Knit Top (Cream),티엔지티,B000,1004,2,[25SS],79000,49770,37,0,0,44,4.8,713,0,10,251,"95:25, 100:97, 105:88, 110:41",410,"크림:251, 네이비:159"
0TJU4F104I2,[SET] 스톤베이지 세미 오버핏 피그먼트 데님 워크자켓 + 팬츠 셋업,티엔지티 세트,0TT,1004,2,,218000,133650,38,0,0,100,4.8,73,0,24,0,,0,베이지:0
TNVE6E100BK,Classic Wool Suit Vest (Black),티엔지티,B000,1004,1,[26SS],129000,122550,5,0,0,0,0.0,60,0,4,30,"095:5, 100:9, 105:12, 110:4",70,"블랙:30, 차콜 그레이:40"
TNSH5E103G2,Denim Western Shirt (Washed Gray),티엔지티,B000,1004,2,,99000,62370,37,0,0,30,4.4,531,0,44,12,"95:12, 100:0, 105:0, 110:0",30,"블루:18, 그레이:12"
TNPA5E207BK,Belted Wide Shorts (Black),티엔지티,B000,1004,2,,65000,40950,37,0,0,32,4.7,374,0,12,60,"078 (30):0, 082 (32):27, 086 (34):16, 090 (36):17",125,"블랙:60, 베이지:65"
TNVE6E100CG,Classic Wool Suit Vest (Charcoal Grey),티엔지티,B000,1004,1,[26SS],129000,122550,5,0,0,0,0.0,60,0,6,40,"095:9, 100:11, 105:16, 110:4",70,"블랙:30, 차콜 그레이:40"
TNJA6E101CG,Classic Wool Suit Jacket (Charcoal Grey),티엔지티,B000,1004,1,[26SS],259000,233100,10,0,0,0,0.0,130,0,10,168,"95:33, 100:50, 105:62, 110:23",329,"블랙:161, 차콜 그레이:168"
0TJA5F104CR,Corduroy Suit Set-up (Cream),티엔지티 세트,0T,1004,1,,268000,192960,28,0,0,43,4.7,613,0,21,0,,170,크림:170
TNJU5F205W2,European-goose Corduroy Herrington down Jumper (Brown),티엔지티,B000,1004,1,,299000,228730,23,0,0,15,4.8,773,0,133,11,"95:11, 100:0, 105:0, 110:0",62,"블랙:51, 브라운:11"
TNTS5E206I2,Essential Round Neck T-Shirt (Light Beige),티엔지티,B000,1004,2,,39000,24570,37,0,0,47,4.9,885,0,6,385,"95:75, 100:142, 105:112, 110:56",1311,"블랙:290, 베이지:385, 네이비:444, 흰색:192"
0TJA5E100BK,[SET] 블랙 오버핏+테이퍼드 싱글 자켓 슬랙스 셋업,티엔지티 세트,0T,1004,2,,228000,143640,37,0,0,83,4.8,1,0,46,0,,1,블랙:1
TNSW5E202BK,Stripe Polo Kint Top (Black),티엔지티,B000,1004,2,[25SS],79000,49770,37,0,0,31,4.8,526,0,12,182,"95:39, 100:65, 105:57, 110:21",213,"블랙:182, 초록:31"
0TTS5E205I2,Kinoshita Seersucker T-Shirts & Wide Pants Set-up (Beige),티엔지티 세트,0T,1004,2,,148000,93240,37,0,0,303,4.8,3,0,17,0,,192,베이지:192
TNSW5E102G2,Cable Long Sleeves Knit Top (Gray),티엔지티,B000,1004,2,[25SS],109000,68670,37,0,0,66,4.7,610,0,57,27,"95:27, 100:0, 105:0, 110:0",142,"그레이:27, 베이지:91, 네이비:24"
TNPA6E103CG,Classic Wool Suit Pants (Charcoal Grey),티엔지티,B000,1004,1,[26SS],129000,116100,10,0,0,0,0.0,128,0,12,221,"078 (30):37, 082 (32):68, 086 (34):81, 090 (36):35",431,"블랙:210, 차콜 그레이:221"
TNTS5E219BK,Cherry Graphic T-Shirt (Black),티엔지티,B000,1004,2,,59000,37170,37,0,0,9,4.7,131,0,3,113,"95:34, 100:45, 105:29, 110:5",277,"블랙:113, 흰색:164"
TNPA5E205B2,Denim Bermuda Pants (Washed Blue),티엔지티,B000,1004,2,,75000,47250,37,0,0,13,4.8,201,0,2,140,"078 (30):28, 082 (32):55, 086 (34):41, 090 (36):16",262,"블루:140, 그레이:122"
TNCO4F101BK,블랙 『Cashmere-Blended』 오버핏 3버튼 테일러드 코트,티엔지티,B000,1004,2,[24FW],299000,123790,58,0,0,28,4.8,512,0,103,38,"95:38, 100:0, 105:0, 110:0",121,"블랙:38, 그레이:14, 베이지:69"
TNTS5E217N2,Stripe Henley Neck T-shirt (Navy),티엔지티,B000,1004,2,,69000,43470,37,0,0,7,4.7,158,0,6,162,"95:37, 100:57, 105:41, 110:27",304,"카키:142, 네이비:162"
TNJU5F207BK,European-goose Duffle Long Down Jumper (Black),티엔지티,B000,1004,1,,339000,265440,21,0,0,111,4.8,1,0,556,1,"95:0, 100:0, 105:1, 110:0",169,"블랙:1, 카키:168"
TNSH5E205N2,Oxfrod Half Sleeves Shirt (Navy),티엔지티,B000,1004,2,,52000,32760,37,0,0,40,4.9,585,0,4,78,"95:25, 100:52, 105:1, 110:0",387,"블루:155, 네이비:78, 흰색:154"
0TJA5E100G2,[SET] 다크그레이 오버핏+테이퍼드 싱글 자켓 슬랙스 셋업,티엔지티 세트,0T,1004,2,,228000,143640,37,0,0,27,4.7,1,0,26,0,,19,그레이:19
TNCO5F104W2,Wool Boucle Duffle Coat (Brown),티엔지티,B000,1004,1,,319000,229680,28,0,0,6,4.7,214,0,36,125,"95:36, 100:52, 105:29, 110:8",231,"블랙:106, 브라운:125"
TNPA5F102G2,Virgin-wool Herringbone Wide Pants (Grey),티엔지티,B000,1004,1,[25FW],109000,88290,19,0,0,7,4.9,584,0,134,1,"078 (30):0, 082 (32):1, 086 (34):0, 090 (36):0",1,그레이:1
TNSH5E103B2,Denim Western Shirt (Washed Blue),티엔지티,B000,1004,2,,99000,62370,37,0,0,30,4.4,531,0,47,18,"95:18, 100:0, 105:0, 110:0",30,"블루:18, 그레이:12"
0TJA4F101BK,[SET] 블랙 노치드 싱글 트윌 자켓 + 테이퍼드 팬츠 셋업,티엔지티 세트,0TT,1004,2,,248000,111600,55,0,0,81,4.8,547,0,16,0,,15,블랙:15
TNSW5E205SV,Crochet Polo Knit Top (Silver),티엔지티,B000,1004,2,[25SS],79000,49770,37,0,0,140,4.8,1,0,12,182,"95:18, 100:91, 105:45, 110:28",622,"베이지:210, 네이비:230, 실버:182"
TNTS5E213N2,Stripe Boat Neck T-Shirt (Navy),티엔지티,B000,1004,2,,59000,37170,37,0,0,35,4.8,346,0,7,104,"95:18, 100:36, 105:38, 110:12",130,"네이비:104, 흰색:26"
TNSH5E201B3,Denim Half Shirt (Washed Blue),티엔지티,B000,1004,2,,75000,47250,37,0,0,26,4.7,1,0,16,199,"95:32, 100:91, 105:32, 110:44",304,"블루:89, 진한 블루:199, 그레이:16"
0TJA4F100N2,[SET] 다크네이비 루즈핏 컴포트 슈트 셋업,티엔지티 세트,0TT,1004,2,,238000,178650,24,0,0,74,4.9,85,0,16,0,,0,네이비:0
TNSW4F206W2,브라운 오버핏 아가일 브러쉬드 울 니트,티엔지티,B000,1004,2,[24FW],139000,57550,58,0,0,0,0.0,56,0,31,107,"95:31, 100:56, 105:13, 110:7",107,브라운:107
TNSW5F113B2,Contrast Ribbed Knit (Vintage Navy),티엔지티,B000,1004,1,[25FW],119000,91030,23,0,0,22,4.9,498,0,140,1,"95:0, 100:0, 105:1, 110:0",77,"블루:1, 브라운:76"
TNJA5E203I2,Seersucker Collarless Jacket (Light Beige),티엔지티,B000,1004,2,,149000,93870,37,0,0,47,4.9,1,0,5,112,"95:3, 100:46, 105:35, 110:28",156,"블랙:17, 그레이:27, 베이지:112"
TNPA5E203N2,Cotton Banding Shorts (Navy),티엔지티,B000,1004,2,,69000,43470,37,0,0,14,4.9,279,0,4,108,"078 (30):6, 082 (32):45, 086 (34):37, 090 (36):20",195,"아이보리:87, 네이비:108"
TNTS5E206N2,Essential Round Neck T-Shirt (Navy),티엔지티,B000,1004,2,,39000,24570,37,0,0,47,4.9,885,0,2,444,"95:78, 100:175, 105:126, 110:65",1311,"블랙:290, 베이지:385, 네이비:444, 흰색:192"
TNTS5E220BK,Lemon Graphic T-Shirt (Black),티엔지티,B000,1004,2,,59000,37170,37,0,0,1,5.0,37,0,1,184,"95:43, 100:65, 105:55, 110:21",353,"블랙:184, 흰색:169"
0TSH5E206I2,Kinoshita Seersucker Shirts & Wide Pants Set-up (Beige),티엔지티 세트,0T,1004,2,,148000,93240,37,0,0,238,4.7,3,0,12,0,,192,베이지:192
TNTS5E213WT,Stripe Boat Neck T-Shirt (White),티엔지티,B000,1004,2,,59000,37170,37,0,0,35,4.8,346,0,11,26,"95:0, 100:0, 105:17, 110:9",130,"네이비:104, 흰색:26"
TNPA5E202I2,Cotton Cargo Bermuda Pants (Beige),티엔지티,B000,1004,2,,89000,56070,37,0,0,1,5.0,121,0,2,181,"078 (30):27, 082 (32):67, 086 (34):54, 090 (36):33",360,"블랙:179, 베이지:181"
TNSW5E204N2,Essential Cable Knit Top (Navy),티엔지티,B000,1004,2,[25SS],79000,49770,37,0,0,32,4.8,522,0,10,298,"95:43, 100:108, 105:90, 110:57",671,"초록:142, 베이지:231, 네이비:298"
0TJA5E202I2,Kinoshita Seersucker Loose & Wide FIt Set-up (Light Beige),티엔지티 세트,0T,1004,2,,228000,143640,37,0,0,234,4.8,3,11,16,0,,243,베이지:243
TNTS5E204BK,Barcode Logo T-Shirt (Black),티엔지티,B000,1004,2,,59000,37170,37,0,0,7,4.7,215,0,8,99,"95:22, 100:32, 105:37, 110:8",242,"블랙:99, 흰색:143"
0TTS5E205BK,Kinoshita Seersucker T-Shirts & Tapered Pants Set-up (Black),티엔지티 세트,0T,1004,2,,148000,93240,37,0,0,247,4.8,3,0,15,0,,0,블랙:0
0TJA4F102I2,[SET] 베이지 피크드 더블 트윌 자켓 + 와이드핏 팬츠 셋업,티엔지티 세트,0TT,1004,2,,248000,212040,14,0,0,21,4.9,246,0,8,0,,73,베이지:73
TNTS5E218G2,Sorona Polo Shirts (Gray),티엔지티,B000,1004,2,,79000,49770,37,0,0,5,4.6,202,0,3,139,"95:25, 100:42, 105:52, 110:20",566,"블랙:249, 그레이:139, 흰색:178"
TNSH5E205WT,Oxfrod Half Sleeves Shirt (White),티엔지티,B000,1004,2,,52000,32760,37,0,0,40,4.9,585,0,3,154,"95:35, 100:61, 105:43, 110:15",387,"블루:155, 네이비:78, 흰색:154"
TNSH5E204B2,Vintage Denim Over Shirt (Washed Blue),티엔지티,B000,1004,2,,99000,62370,37,0,0,7,4.6,211,0,9,91,"95:16, 100:41, 105:28, 110:6",91,블루:91
0TJA4F101K2,[SET] 그레이쉬카키 노치드 싱글 트윌 자켓 + 테이퍼드 팬츠 셋업,티엔지티 세트,0TT,1004,2,,248000,147150,40,0,0,25,4.8,96,0,7,0,,24,카키:24
TNSW5E204E2,Essential Cable Knit Top (Green),티엔지티,B000,1004,2,[25SS],79000,49770,37,0,0,32,4.8,522,0,6,142,"95:16, 100:49, 105:48, 110:29",671,"초록:142, 베이지:231, 네이비:298"
0TJA5E203G2,Kinoshita Seersucker Collarless & Wide FIt Set-up (Grey),티엔지티 세트,0T,1004,2,,228000,143640,37,0,0,114,4.7,2,0,7,0,,27,그레이:27
TNTS5E208G2,Ribbed Sleeveless (Grey),티엔지티,B000,1004,2,,38000,23940,37,0,0,49,4.6,519,0,4,4,"95:4, 100:0, 105:0, 110:0",4,"그레이:4, 흰색:0"
0TJA5E203I2,Kinoshita Seersucker Collarless Wide Set-up (Light Beige),티엔지티 세트,0T,1004,2,,228000,143640,37,0,0,208,4.7,2,0,9,0,,112,베이지:112
0TPA4F104BK,[SET] 블랙 노치드 싱글 트윌 자켓 + 와이드핏 팬츠 셋업,티엔지티 세트,0TT,1004,2,,248000,147150,40,0,0,76,4.9,692,0,6,0,,15,블랙:15
TNTS5E215W2,Pioneer Graphic Ringer T-Shirt (Brown),티엔지티,B000,1004,2,,59000,37170,37,0,0,6,4.8,83,0,5,142,"95:19, 100:52, 105:43, 110:28",313,"블랙:171, 브라운:142"
TNTS5E202WT,Stripe Pocket T-Shirt (White),티엔지티,B000,1004,2,,59000,37170,37,0,0,29,4.8,476,0,6,40,"95:11, 100:17, 105:7, 110:5",40,흰색:40
TNSH5E205B2,Oxfrod Half-Sleeves Shirt (Light Blue),티엔지티,B000,1004,2,,52000,32760,37,0,0,40,4.9,585,0,6,155,"95:36, 100:71, 105:37, 110:11",387,"블루:155, 네이비:78, 흰색:154"
TNTS5E210BK,Boxing Graphic T-Shirt (Black),티엔지티,B000,1004,2,,59000,37170,37,0,0,3,5.0,85,0,7,138,"95:36, 100:57, 105:32, 110:13",270,"블랙:138, 흰색:132"
TNSH5E201B2,Denim Half Shirt (Light Blue),티엔지티,B000,1004,2,,75000,47250,37,0,0,26,4.7,1,0,5,89,"95:16, 100:17, 105:35, 110:21",304,"블루:89, 진한 블루:199, 그레이:16"
TNTS5E215BK,Pioneer Graphic Ringer T-Shirt (Black),티엔지티,B000,1004,2,,59000,37170,37,0,0,6,4.8,83,0,1,171,"95:33, 100:57, 105:51, 110:30",313,"블랙:171, 브라운:142"
TNTS5E201WT,Soleil Ringer T-Shirt (White),티엔지티,B000,1004,2,,59000,37170,37,0,0,9,4.9,80,0,3,166,"95:32, 100:54, 105:55, 110:25",312,"네이비:146, 흰색:166"
TNSW5E203N2,Stripe Cable Knit Top (Navy),티엔지티,B000,1004,2,[25SS],79000,49770,37,0,0,9,4.9,163,0,1,152,"95:18, 100:66, 105:48, 110:20",277,"아이보리:125, 네이비:152"
TNTS5E212B2,Maison Logo Ringer T-Shirt (Blue),티엔지티,B000,1004,2,,59000,37170,37,0,0,31,4.8,602,0,3,103,"95:18, 100:44, 105:32, 110:9",229,"블루:103, 크림:126"
TNPA5E207I2,Belted Wide Shorts (Light Beige),티엔지티,B000,1004,2,,65000,40950,37,0,0,32,4.7,374,0,12,65,"078 (30):0, 082 (32):27, 086 (34):16, 090 (36):22",125,"블랙:60, 베이지:65"
TNTS5E210WT,Boxing Graphic T-Shirt (White),티엔지티,B000,1004,2,,59000,37170,37,0,0,3,5.0,85,0,5,132,"95:32, 100:47, 105:38, 110:15",270,"블랙:138, 흰색:132"
TNSH5E202IV,Crochet Camp Collar Shirt (Cream),티엔지티,B000,1004,2,,79000,49770,37,0,0,17,4.6,388,0,7,1,"95:1, 100:0, 105:0, 110:0",1,아이보리:1
TNTS5E201N2,Soleil Ringer T-Shirt (Navy),티엔지티,B000,1004,2,,59000,37170,37,0,0,9,4.9,80,0,1,146,"95:28, 100:49, 105:44, 110:25",312,"네이비:146, 흰색:166"
TNTS5E220WT,Lemon Graphic T-Shirt (White),티엔지티,B000,1004,2,,59000,37170,37,0,0,1,5.0,37,0,4,169,"95:35, 100:59, 105:53, 110:22",353,"블랙:184, 흰색:169"
TNPA5E203IV,Cotton Banding Shorts (Ivory),티엔지티,B000,1004,2,,69000,43470,37,0,0,14,4.9,279,0,5,87,"078 (30):4, 082 (32):29, 086 (34):32, 090 (36):22",195,"아이보리:87, 네이비:108"
TNPA5E202BK,Cotton Cargo Bermuda Pants (Black),티엔지티,B000,1004,2,,89000,56070,37,0,0,1,5.0,121,0,6,179,"078 (30):21, 082 (32):67, 086 (34):58, 090 (36):33",360,"블랙:179, 베이지:181"
TNTS5E214R2,Maison Cafe Ringer T-Shirt (Red),티엔지티,B000,1004,2,,59000,37170,37,0,0,5,4.6,50,0,2,169,"95:25, 100:59, 105:54, 110:31",360,"블루:191, 레드:169"
TNTS5E214B2,Maison Cafe Ringer T-Shirt (Blue),티엔지티,B000,1004,2,,59000,37170,37,0,0,5,4.6,50,0,2,191,"95:35, 100:68, 105:34, 110:54",360,"블루:191, 레드:169"
TNTS5E219WT,Cherry Graphic T-Shirt (White),티엔지티,B000,1004,2,,59000,37170,37,0,0,9,4.7,131,0,3,164,"95:38, 100:59, 105:53, 110:14",277,"블랙:113, 흰색:164"
TNPA5E205G2,Denim Bermuda Pants (Washed Gray),티엔지티,B000,1004,2,,75000,47250,37,0,0,13,4.8,201,0,3,122,"078 (30):22, 082 (32):39, 086 (34):39, 090 (36):22",262,"블루:140, 그레이:122"
TNCO4F103BK,블랙 『Cashmere-Blended』 오버핏 더블브레스트 코트,티엔지티,B000,1004,2,[24FW],299000,123790,58,0,0,26,4.9,273,0,86,1,"95:1, 100:0, 105:0, 110:0",1,블랙:1
